uid,family,t,label,class,TL-raw,TL-pct,MS-raw,MS-pct,ENV-raw,ENV-pct,TEXT-raw,TEXT-pct,TL+MS-raw,TL+MS-pct,ALL-raw,ALL-pct,ESN_i,ESN_ii
ollama_llama8b/real-healthy-000,llama,2,0.0,healthy,0.5297571020288968,0.17230984348879674,0.27156969549199106,0.12996561208548024,0.12224391041120611,0.1187224229636917,0.2090732256669047,0.9850898265354754,0.3799322438470071,0.11785615408967967,0.1603823219006308,0.7507487294344035,0.0,0.0
ollama_llama8b/real-healthy-000,llama,3,0.0,healthy,0.6835670998778485,0.2194158826633292,0.12399658553518496,0.38298489076948844,0.12582621009947395,0.24628471531879628,0.5708951628264269,0.9299985436588764,0.5399369102582665,0.11659490522090483,0.20847162834100716,0.8351320735370203,315.5450999104631,9.874424451409308
ollama_llama8b/real-healthy-001,llama,2,0.0,healthy,0.05651135372631557,0.2385787023963698,0.1056498890547221,0.8686532415213412,0.7824524752099885,0.09502741820690949,0.8312225548076494,0.999997438127366,0.029993005421887417,0.43176314133618693,0.05838494939481347,0.9984945855860837,0.0,0.0
ollama_llama8b/real-healthy-001,llama,3,0.0,healthy,0.895759976053159,0.7204104664280041,0.15204738956645344,0.1714696556635489,0.8784588565537229,0.11238746697898161,0.7661738186969366,0.9945705489950034,0.7499710634622436,0.421356307594946,0.8814732130514139,0.7301049719792543,18.607222051091323,178.2473561784448
ollama_llama8b/real-healthy-001,llama,4,0.0,healthy,0.9932612353497323,0.9998191650207305,0.18132180984573865,0.19212941605820014,0.8784588565537229,0.7383790994394136,0.5531888399454813,0.9998340050010174,0.9929246518620354,0.9992421408060375,0.8928744674660887,0.9993225164968217,97.37966493137803,424.22350127708586
ollama_llama8b/real-healthy-002,llama,2,0.0,healthy,0.03689363868239793,0.1308557851528342,0.3428727978262525,0.19432827088252147,0.7824524752099885,0.16434965973688245,0.36709822819433413,0.1576758431297193,0.1338068396390017,0.07685814838304532,0.10809008679092288,0.0260290334404465,0.0,0.0
ollama_llama8b/real-healthy-002,llama,3,0.0,healthy,0.06977990151573189,0.08312262521897999,0.29354233405038255,0.1715838595745862,0.7358152009611928,0.2912923847111908,0.40212304193943266,0.23718897106752368,0.14925231396144134,0.07548932605633148,0.11700891692901215,0.07011422408193593,10.79494734935259,2.8823705428244226
ollama_llama8b/real-healthy-002,llama,4,0.0,healthy,0.10940940809470026,0.16152616013135165,0.28893322653071724,0.21686684307023704,0.607602361899923,0.24269277177065035,0.5800925553792542,0.3204508857944422,0.2200811121863729,0.1200510296674587,0.1730461950835883,0.08790598073007765,87.12736756278476,13.308580763273056
ollama_llama8b/real-healthy-007,llama,2,0.0,healthy,0.4635695444572081,0.8365418400914292,0.10998156406386973,0.8771731377408931,0.27630129653791113,0.058407522247505506,0.956051956244113,0.9999969871189857,0.04112610609787967,0.8865089436064911,0.3498012236858493,0.9996656358442267,0.0,0.0
ollama_llama8b/real-healthy-007,llama,3,0.0,healthy,0.9628748515545978,0.7569506657483229,0.2169198776505544,0.18672074088034474,0.8784588565537229,0.9809842124544299,0.8540273702860356,0.9983732567837655,0.9219411845408061,0.48928444091255974,0.9632660901293059,0.9229122402577,27.00309900196741,191.63706782189882
ollama_llama8b/real-healthy-007,llama,4,0.0,healthy,0.9921570859795347,0.9998191650207305,0.24432431269408303,0.22154392386766336,0.8784588565537229,0.9809842124544299,0.6729190442834707,0.9999095774499956,0.9944545250987796,0.999222962238517,0.9131366064504732,0.9990920021727099,114.07216055137376,448.09094146749135
ollama_llama8b/real-healthy-010,llama,2,0.0,healthy,0.4635695444572081,0.8365418400914292,0.3948058826876607,0.9587161924470483,0.18609135941053026,0.34550875209031995,0.6889291497031245,0.9999969823843071,0.050626008466432004,0.9078543445664794,0.275419841666112,0.9997330567783619,0.0,0.0
ollama_llama8b/real-healthy-010,llama,3,0.0,healthy,0.9628748515545978,0.7569506657483229,0.6130544569883458,0.4322297481748535,0.8784588565537229,0.13493053167766414,0.7199145844919946,0.9996957542100419,0.9663188085675103,0.49284995585365143,0.98017547908149,0.8636666408270699,40.813234238933795,150.3876323242982
ollama_llama8b/real-healthy-010,llama,4,0.0,healthy,0.9921570859795347,0.9998191650207305,0.7465654566773515,0.7740109789622672,0.8784588565537229,0.873906667083522,0.6574133543749994,0.9999158487052145,0.9899764628092818,0.9990857588284159,0.9870767450055984,0.9998421021087364,89.09301926550444,275.80099101006476
ollama_llama8b/real-healthy-011,llama,2,0.0,healthy,0.4635695444572081,0.8365418400914292,0.7338717626845853,0.8519151967735467,0.8784588565537229,0.8230103816974371,0.9385970528170343,0.9999958579613245,0.2808545866384935,0.8732775738384146,0.6191325157726902,0.9994160540089704,0.0,0.0
ollama_llama8b/real-healthy-011,llama,3,0.0,healthy,0.9628748515545978,0.7569506657483229,0.7947109379326139,0.08476394364503136,0.8784588565537229,0.9809842124544299,0.5781019739529439,0.9950532640416201,0.9743077656517268,0.44587800437690456,0.9549416714968845,0.9307587034633,68.31696770392347,171.7700741107071
ollama_llama8b/real-healthy-011,llama,4,0.0,healthy,0.9921570859795347,0.9998191650207305,0.7760422538361538,0.8618200195018524,0.8784588565537229,0.9809842124544299,0.3685258071824986,0.9999863547779839,0.9976226230326783,0.9993628683560406,0.9513740332157103,0.9999608579668714,170.65767989165357,461.2197257479096
ollama_llama8b/real-healthy-013,llama,2,0.0,healthy,0.8005009175194636,0.9990068883697154,0.7092514123244732,0.8664795671338031,0.8784588565537229,0.8230103816974371,0.8630387228470795,0.9999985491326895,0.7933029585329399,0.9990691851188067,0.8731774439409549,0.9999814278146388,0.0,0.0
ollama_llama8b/real-healthy-013,llama,3,0.0,healthy,0.95700738544493,0.99769439939524,0.688502454762513,0.12175535078720907,0.8784588565537229,0.9809842124544299,0.7605188006839839,0.9974436179176213,0.9801519929989301,0.9922531437221127,0.9828662676378122,0.9935864413637658,76.1642490790453,176.57899294638295
ollama_llama8b/real-healthy-013,llama,4,0.0,healthy,0.9623695514595612,0.9998191650207305,0.7540155529408539,0.8772716113538284,0.8784588565537229,0.9809842124544299,0.6275129904959225,0.9996620816436039,0.9877225595532448,0.9994186205061102,0.9676231245365149,0.9993443376857389,174.38357348986042,468.31429727375587
ollama_llama8b/real-healthy-017,llama,2,0.0,healthy,0.05651135372631557,0.2385787023963698,0.7092514123244732,0.8664795671338031,0.8784588565537229,0.03854665383069915,0.9455901629046041,0.9999977973532148,0.2204411408593125,0.4313497536283754,0.40533175272283684,0.9986018249686872,0.0,0.0
ollama_llama8b/real-healthy-017,llama,3,0.0,healthy,0.895759976053159,0.7204104664280041,0.7356842030390437,0.12175535078720907,0.8784588565537229,0.9809842124544299,0.9833777564235108,0.999647207123316,0.9399379825589229,0.40317910267921747,0.9707490081774157,0.7534729302900309,78.34118970422115,176.41952348275888
ollama_llama8b/real-healthy-017,llama,4,0.0,healthy,0.9932612353497323,0.9998191650207305,0.7628921604416734,0.21209602392126695,0.8784588565537229,0.9809842124544299,0.8634263960711066,0.9999378028720849,0.9970669592584593,0.9993760190792543,0.9909395851722398,0.9995759818530103,175.6455492130694,468.9360505625584
ollama_llama8b/real-healthy-020,llama,2,0.0,healthy,0.8005009175194636,0.9990068883697154,0.5251646494429968,0.8804170793921084,0.7824524752099885,0.15553840525322307,0.8630387228470795,0.9999985491326895,0.7808816238444272,0.9990241497006106,0.9015754034828667,0.9999814278146388,0.0,0.0
ollama_llama8b/real-healthy-020,llama,3,0.0,healthy,0.95700738544493,0.99769439939524,0.600627961165914,0.22088587597605921,0.8784588565537229,0.13493053167766414,0.7605188006839839,0.9974436179176213,0.9698596116978062,0.9932146836689422,0.9892777712313797,0.9932202819289149,150.06922187287086,165.52620235615237
ollama_llama8b/real-healthy-020,llama,4,0.0,healthy,0.9623695514595612,0.9998191650207305,0.8677483248617169,0.8985244824522767,0.8784588565537229,0.7383790994394136,0.6275129904959225,0.9996620816436039,0.9650521446991774,0.9993223336291841,0.974988910757871,0.9993675731575175,314.46373507178544,273.39900709040273
ollama_llama8b/real-healthy-024,llama,2,0.0,healthy,0.05651135372631557,0.2385787023963698,0.29355458441471655,0.8804170793921084,0.15243041689501075,0.12048859897943628,0.9455901629046041,0.9999977973532148,0.006934405583906845,0.4165155745741494,0.18657645213396712,0.9985788805812252,0.0,0.0
ollama_llama8b/real-healthy-024,llama,3,0.0,healthy,0.895759976053159,0.7204104664280041,0.5778552790923586,0.20946995633974985,0.8784588565537229,0.13493053167766414,0.9833777564235108,0.999647207123316,0.910144202107931,0.38286272752201167,0.9855482017161865,0.7398196587783189,65.34969899413147,131.83770681021312
ollama_llama8b/real-healthy-024,llama,4,0.0,healthy,0.9932612353497323,0.9998191650207305,0.8641973575004778,0.18675880357197513,0.8784588565537229,0.7383790994394136,0.8634263960711066,0.9999378028720849,0.9929617812392705,0.9993010708672696,0.9946074719172541,0.9995759818530103,352.31184717077815,238.26561620175033
ollama_llama8b/real-healthy-027,llama,2,0.0,healthy,0.037539007387411026,0.14032901022099434,0.8257909924315933,0.2394866540102209,0.1596568347384695,0.12893317193383533,0.3331808578553897,0.6954898146905177,0.3351121450038419,0.09593892558491098,0.2181332577320385,0.08775069111008633,0.0,0.0
ollama_llama8b/real-healthy-027,llama,3,0.0,healthy,0.06977990151573189,0.0865526929144871,0.8282807971026617,0.28053755312235723,0.1596568347384695,0.24628471531879628,0.31986926777638464,0.21090859167691678,0.29438534681721124,0.05635510841859695,0.17325093342080639,0.09024873853797753,7.407326144008403,3.7075511948390965
ollama_llama8b/real-healthy-027,llama,4,0.0,healthy,0.10940940809470026,0.16760016027067992,0.5688824821059132,0.9923748545761112,0.16413049394056628,0.44345042304531107,0.44462101653162256,0.0992856082516738,0.3137494343770676,0.8416358569465558,0.2960197000950882,0.31237626002629487,290.73425712548425,14.466666472540126
ollama_llama8b/real-healthy-028,llama,2,0.0,healthy,0.037539007387411026,0.193996374254617,0.8514324101409017,0.3740139246296262,0.7824524752099885,0.09502741820690949,0.12367745139245076,0.8349052302634589,0.3596601750628375,0.06799594275518689,0.13971265892824133,0.6739325241881902,0.0,0.0
ollama_llama8b/real-healthy-028,llama,3,0.0,healthy,0.06977990151573189,0.20783077218783413,0.8802517671220971,0.14203123862386108,0.8784588565537229,0.12048859897943628,0.18137382359184473,0.30430670134582133,0.4387587237101015,0.11319105526424043,0.1880348731027912,0.07275867432710553,6.499457579578091,2.4331739992730426
ollama_llama8b/real-healthy-028,llama,4,0.0,healthy,0.10940940809470026,0.13843982221733825,0.8093733361470763,0.344436309670231,0.6666185485967777,0.12192366446361098,0.3294900546311961,0.9690739903977977,0.5547221320838407,0.11069500099649777,0.1714732874498691,0.6619947597203476,227.21846373510726,13.69029400052344
ollama_llama8b/real-healthy-029,llama,2,0.0,healthy,0.037539007387411026,0.14032901022099434,0.7018942115900393,0.272849763302214,0.1596568347384695,0.11590769263416967,0.31301609093781674,0.25905995859066494,0.3057607023631104,0.11361314930861856,0.20036359951229768,0.03498097050135134,0.0,0.0
ollama_llama8b/real-healthy-029,llama,3,0.0,healthy,0.06977990151573189,0.0865526929144871,0.7085683616550533,0.11634493711770914,0.1596568347384695,0.41657531997174724,0.21417796625289356,0.4339413302075961,0.2666916957284148,0.054682693883363866,0.1640078995705101,0.19009822690356087,7.279737036039495,1.9983330521528688
ollama_llama8b/real-healthy-029,llama,4,0.0,healthy,0.10940940809470026,0.16760016027067992,0.7607888649937758,0.145545704014455,0.16413049394056628,0.2493528033675822,0.47526299413424966,0.603248143321601,0.4505801240952504,0.10858883012475157,0.27833659305234154,0.2535563742402717,230.28962369935917,12.808832206247885
ollama_llama8b/real-healthy-031,llama,2,0.0,healthy,0.05651135372631557,0.2385787023963698,0.3966959179082524,0.9463480890611938,0.1596568347384695,0.16316507426871524,0.9455901629046041,0.9999977973532148,0.006934405583906845,0.5136695832899421,0.18657645213396712,0.9987362771570935,0.0,0.0
ollama_llama8b/real-healthy-031,llama,3,0.0,healthy,0.895759976053159,0.7204104664280041,0.6639020711167725,0.4270827983201375,0.8784588565537229,0.9809842124544299,0.9833777564235108,0.999647207123316,0.910144202107931,0.5125695712080713,0.9855482017161865,0.7993745325763992,41.41243752393708,149.66868482784753
ollama_llama8b/real-healthy-031,llama,4,0.0,healthy,0.9932612353497323,0.9998191650207305,0.7563764763678323,0.3342670487494455,0.8784588565537229,0.9809842124544299,0.8634263960711066,0.9999378028720849,0.9899764628092818,0.9994111310910929,0.9942266413415419,0.9996896067960718,88.88770872856841,274.3749060922884
ollama_llama8b/real-healthy-034,llama,2,0.0,healthy,0.037539007387411026,0.14032901022099434,0.7672425710382949,0.4802247003588537,0.11222892753447956,0.2992756554832589,0.3331808578553897,0.6954898146905177,0.14058234269867886,0.09735175800406509,0.09515840713898473,0.17138411239551046,0.0,0.0
ollama_llama8b/real-healthy-034,llama,3,0.0,healthy,0.06977990151573189,0.0865526929144871,0.832583557012103,0.47058868947647425,0.22818838973293465,0.571531104374484,0.31986926777638464,0.21090859167691678,0.08366008227770887,0.06555329495259511,0.08773302434848747,0.11627911253344245,233.25006868037804,6.014051247559602
ollama_llama8b/real-healthy-034,llama,4,0.0,healthy,0.10940940809470026,0.16760016027067992,0.8368999106027688,0.7259716594040857,0.16413049394056628,0.3305509232495889,0.44462101653162256,0.0992856082516738,0.24847548678861162,0.2912182650451865,0.13253484614352662,0.07129374861528394,333.8130465480934,21.129011006622793
ollama_llama8b/real-healthy-035,llama,2,0.0,healthy,0.037539007387411026,0.193996374254617,0.743362546275676,0.5713211032355031,0.12224391041120611,0.1187224229636917,0.12367745139245076,0.8349052302634589,0.10624914400599741,0.07597482683718099,0.05704635272721908,0.6703405309572427,0.0,0.0
ollama_llama8b/real-healthy-035,llama,3,0.0,healthy,0.06977990151573189,0.20783077218783413,0.776915905083696,0.25319537653857516,0.12224391041120611,0.24628471531879628,0.18137382359184473,0.30430670134582133,0.12141635772172127,0.11874547989983054,0.08202386787441274,0.11462256047111465,6.499457579578091,3.267688765144643
ollama_llama8b/real-healthy-035,llama,4,0.0,healthy,0.10940940809470026,0.13843982221733825,0.8907818925429528,0.3701722959241134,0.12582621009947395,0.32506926743698594,0.3294900546311961,0.9690739903977977,0.43282436463321555,0.11867034816982364,0.05501972227786521,0.81242929612214,66.5752796146654,15.255744519075
ollama_llama8b/real-healthy-036,llama,2,0.0,healthy,0.037539007387411026,0.14032901022099434,0.35396476516204606,0.6415043491524524,0.12224391041120611,0.21027340762604207,0.31301609093781674,0.25905995859066494,0.02497675814239103,0.14048028329740972,0.03500484227489063,0.07993471379080756,0.0,0.0
ollama_llama8b/real-healthy-036,llama,3,0.0,healthy,0.06977990151573189,0.0865526929144871,0.6618724139722614,0.3355180891006406,0.12224391041120611,0.3311678723122975,0.21417796625289356,0.4339413302075961,0.06609910087591343,0.06135552557473981,0.0819225886610302,0.16193233519769282,147.5170589211793,6.422448343380372
ollama_llama8b/real-healthy-036,llama,4,0.0,healthy,0.10940940809470026,0.16760016027067992,0.8429955870927373,0.523933583898585,0.12582621009947395,0.30847788721066416,0.47526299413424966,0.603248143321601,0.3667362626676103,0.16581582695157251,0.11145615087956351,0.28997822163418974,229.17750713757712,18.941885316745456
ollama_llama8b/real-healthy-037,llama,2,0.0,healthy,0.05651135372631557,0.2385787023963698,0.7338717626845853,0.8946299376419589,0.8784588565537229,0.9809842124544299,0.9392749909159881,0.9999909288117504,0.2239437863455563,0.7578711836437765,0.21095024399105755,0.9980776210991098,0.0,0.0
ollama_llama8b/real-healthy-037,llama,3,0.0,healthy,0.895759976053159,0.7204104664280041,0.7588273565724307,0.08476394364503136,0.8784588565537229,0.9809842124544299,0.958332124819974,0.999650522193624,0.9399379825589229,0.40317910267921747,0.960741732905627,0.8592092741945119,65.68915828725976,172.13440645732967
ollama_llama8b/real-healthy-037,llama,4,0.0,healthy,0.9932612353497323,0.9998191650207305,0.7583173346969803,0.8618200195018524,0.8784588565537229,0.9809842124544299,0.8173707201882131,0.9999508709007443,0.9970669592584593,0.9993628683560406,0.9897421574774036,0.9980997918225317,194.83520507332508,462.8735655111202
ollama_llama8b/real-healthy-039,llama,2,0.0,healthy,0.774968493351612,0.9990068883697154,0.7092514123244732,0.8664795671338031,0.8784588565537229,0.8230103816974371,0.46087636674212484,0.9999946189185795,0.7933029585329399,0.9990691851188067,0.77816909756957,0.9999637178812596,0.0,0.0
ollama_llama8b/real-healthy-039,llama,3,0.0,healthy,0.9451869236951257,0.99769439939524,0.7095192090272081,0.09574377630708743,0.8784588565537229,0.9809842124544299,0.4510317912415316,0.9991709393003352,0.9801519929989301,0.9922531437221127,0.9626211376447505,0.9969823245984024,65.5821397998001,176.05955873064056
ollama_llama8b/real-healthy-039,llama,4,0.0,healthy,0.9605934971541146,0.996766061522016,0.6475460046964341,0.23006293025555657,0.6666185485967777,0.8937581337515247,0.4495446121046036,0.9996482029824604,0.9857196922905651,0.9902644777010682,0.9726836984797579,0.9905000244155776,167.13673738916833,199.23032452012927
ollama_llama8b/real-healthy-041,llama,2,0.0,healthy,0.037539007387411026,0.14032901022099434,0.625638332060373,0.47856600448924225,0.12224391041120611,0.4914211586742914,0.3331808578553897,0.6954898146905177,0.027245244709282777,0.08850068389407871,0.04125751811656317,0.17138411239551046,0.0,0.0
ollama_llama8b/real-healthy-041,llama,3,0.0,healthy,0.06977990151573189,0.0865526929144871,0.7425205114121755,0.6848199472329143,0.12224391041120611,0.42077148223396216,0.31986926777638464,0.21090859167691678,0.016029044122039787,0.046147388065865505,0.03786212440216917,0.09400566927518934,7.407326144008403,4.215913762850633
ollama_llama8b/real-healthy-041,llama,4,0.0,healthy,0.10940940809470026,0.16760016027067992,0.7145644774362334,0.8797727980717072,0.12582621009947395,0.23040350176029395,0.44462101653162256,0.0992856082516738,0.04972461563954072,0.19386196074357623,0.058839407911519315,0.06956064307066843,58.48298895620147,15.373113115453016
ollama_llama8b/real-healthy-042,llama,2,0.0,healthy,0.037539007387411026,0.193996374254617,0.5510331942926024,0.8337129877704365,0.12224391041120611,0.1187224229636917,0.12367745139245076,0.8349052302634589,0.019948881217586794,0.11935240170851642,0.024157054800631777,0.7097087039883541,0.0,0.0
ollama_llama8b/real-healthy-042,llama,3,0.0,healthy,0.06977990151573189,0.20783077218783413,0.5960684147551253,0.5453471613058675,0.12224391041120611,0.24628471531879628,0.18137382359184473,0.30430670134582133,0.02311523279465465,0.1843563783245546,0.03527279705108368,0.12756033692784016,6.499457579578091,3.6196912539640262
ollama_llama8b/real-healthy-042,llama,4,0.0,healthy,0.10940940809470026,0.13843982221733825,0.7991626934454955,0.7046616078242549,0.12582621009947395,0.32506926743698594,0.3294900546311961,0.9690739903977977,0.10775995495047333,0.15797212078335904,0.02327001636095349,0.8389068791363173,53.34349315563593,14.528053844283619
ollama_llama8b/real-healthy-043,llama,2,0.0,healthy,0.037539007387411026,0.14032901022099434,0.4581805801521295,0.6733946966002788,0.12224391041120611,0.21027340762604207,0.31301609093781674,0.25905995859066494,0.02497675814239103,0.1211226138737683,0.03500484227489063,0.07545166198261095,0.0,0.0
ollama_llama8b/real-healthy-043,llama,3,0.0,healthy,0.06977990151573189,0.0865526929144871,0.5316353689747176,0.3583278459383908,0.12224391041120611,0.3311678723122975,0.21417796625289356,0.4339413302075961,0.012127009966290967,0.040570744376778475,0.035227028643708254,0.1738821750914559,7.279737036039495,4.048223133078768
ollama_llama8b/real-healthy-043,llama,4,0.0,healthy,0.10940940809470026,0.16760016027067992,0.7237229441494362,0.5614553836910112,0.12582621009947395,0.30847788721066416,0.47526299413424966,0.603248143321601,0.08180501162437491,0.10059544335858085,0.04882177820920813,0.27726507264646394,55.71245363398169,14.27869352621088
ollama_llama8b/real-healthy-044,llama,2,0.0,healthy,0.05651135372631557,0.2385787023963698,0.43666246765950256,0.9539813110423274,0.1596568347384695,0.16316507426871524,0.9392749909159881,0.9999909288117504,0.006847049848642327,0.7946156042457615,0.07578315105669065,0.9983199066524372,0.0,0.0
ollama_llama8b/real-healthy-044,llama,3,0.0,healthy,0.895759976053159,0.7204104664280041,0.6924020768553788,0.33026973324847625,0.8784588565537229,0.9809842124544299,0.958332124819974,0.999650522193624,0.910144202107931,0.5125695712080713,0.9757434342540352,0.886737473779032,35.69493829850121,152.96579811688966
ollama_llama8b/real-healthy-044,llama,4,0.0,healthy,0.9932612353497323,0.9998191650207305,0.6084510539348146,0.8977485056079706,0.8784588565537229,0.9809842124544299,0.8173707201882131,0.9999508709007443,0.9901800622831012,0.9991089373085977,0.9918914001888903,0.9986304071119106,89.28971028616098,280.67100062967717
ollama_llama8b/real-healthy-046,llama,2,0.0,healthy,0.774968493351612,0.9990068883697154,0.5251646494429968,0.8804170793921084,0.15243041689501075,0.12048859897943628,0.46087636674212484,0.9999946189185795,0.7808816238444272,0.9990241497006106,0.8442488975292191,0.9999637178812596,0.0,0.0
ollama_llama8b/real-healthy-046,llama,3,0.0,healthy,0.9451869236951257,0.99769439939524,0.7720248864910999,0.1683104592089242,0.8784588565537229,0.13493053167766414,0.4510317912415316,0.9991709393003352,0.9749563952287247,0.9916818798855488,0.9774423934344352,0.9968094185300556,40.385275221832174,166.78952532555323
ollama_llama8b/real-healthy-046,llama,4,0.0,healthy,0.9605934971541146,0.996766061522016,0.664640064855681,0.2783162408443594,0.6666185485967777,0.190713173332439,0.4495446121046036,0.9996482029824604,0.9834576546053871,0.9919215440743272,0.9779872287583511,0.99067086720822,98.68756360753656,204.6544645654664
ollama_llama8b/real-healthy-047,llama,2,0.0,healthy,0.037539007387411026,0.14032901022099434,0.7287646501087498,0.9251236034959721,0.8784588565537229,0.15101251165315313,0.26920715131140416,0.41131132641055246,0.36196354239251965,0.5722789077181109,0.17895643915665121,0.27181955836986377,0.0,0.0
ollama_llama8b/real-healthy-047,llama,3,0.0,healthy,0.06356485655389416,0.26128400125199247,0.6572644893081098,0.9228229414630735,0.6666185485967777,0.2215865126135329,0.43133171275920135,0.5946040607698054,0.4244354266540174,0.6875260317782941,0.1696523482699656,0.607013919800956,115.67958036161949,8.98807278906777
ollama_llama8b/real-healthy-050,llama,2,0.0,healthy,0.037539007387411026,0.14032901022099434,0.6661902322003842,0.686355434683585,0.1596568347384695,0.11590769263416967,0.31301609093781674,0.25905995859066494,0.13993061492165568,0.14048028329740972,0.08143073960794531,0.04111494460876165,0.0,0.0
ollama_llama8b/real-healthy-050,llama,3,0.0,healthy,0.06977990151573189,0.0865526929144871,0.4237796419986356,0.3281250113993393,0.1596568347384695,0.5765139654313272,0.21417796625289356,0.4339413302075961,0.012127009966290967,0.06759046235935402,0.035227028643708254,0.2173072476973589,7.279737036039495,4.823676260454467
ollama_llama8b/real-healthy-050,llama,4,0.0,healthy,0.10940940809470026,0.16760016027067992,0.644797355578579,0.5630911279147719,0.16413049394056628,0.24458854720363085,0.47526299413424966,0.603248143321601,0.08180501162437491,0.18295262316862784,0.04882177820920813,0.28997822163418974,63.23326470093807,15.251308505371128
ollama_llama8b/real-healthy-051,llama,2,0.0,healthy,0.05651135372631557,0.2385787023963698,0.32879293913105273,0.9452310800463231,0.7824524752099885,0.0748512844815755,0.9392749909159881,0.9999909288117504,0.006847049848642327,0.7871254962392312,0.07578315105669065,0.9981152474113025,0.0,0.0
ollama_llama8b/real-healthy-051,llama,3,0.0,healthy,0.895759976053159,0.7204104664280041,0.5932424961653877,0.27213433001661463,0.8784588565537229,0.9809842124544299,0.958332124819974,0.999650522193624,0.910144202107931,0.4542376519189212,0.9757434342540352,0.8615880070234043,25.393346667329595,153.69641074557268
ollama_llama8b/real-healthy-051,llama,4,0.0,healthy,0.9932612353497323,0.9998191650207305,0.7486186941910208,0.8977485056079706,0.8784588565537229,0.9809842124544299,0.8173707201882131,0.9999508709007443,0.9931051648358025,0.9992644495629387,0.9924250976777711,0.9986304071119106,100.66753079031005,281.24359851761056
ollama_llama8b/real-healthy-053,llama,2,0.0,healthy,0.774968493351612,0.9990068883697154,0.29355458441471655,0.9295343861441699,0.1596568347384695,0.16316507426871524,0.46087636674212484,0.9999946189185795,0.3747135723827036,0.9992224727043426,0.6892501256409252,0.9999650044217548,0.0,0.0
ollama_llama8b/real-healthy-053,llama,3,0.0,healthy,0.9451869236951257,0.99769439939524,0.5146223244814697,0.2758967897758877,0.8784588565537229,0.13493053167766414,0.4510317912415316,0.9991709393003352,0.9646061674555072,0.9937866229550922,0.9758787314845042,0.996922210226646,29.21740612727133,150.5382636261514
ollama_llama8b/real-healthy-053,llama,4,0.0,healthy,0.9605934971541146,0.996766061522016,0.38517748899973925,0.33544566813304155,0.6666185485967777,0.190713173332439,0.4495446121046036,0.9996482029824604,0.9733580674682596,0.9932446724050356,0.9764604244945937,0.9931264884495298,51.95443137088449,202.3812134361452
ollama_llama8b/real-healthy-054,llama,2,0.0,healthy,0.037539007387411026,0.14032901022099434,0.30464171882779767,0.6827290306886633,0.12224391041120611,0.3274997560044557,0.26920715131140416,0.41131132641055246,0.02056549217645876,0.13759757488544067,0.037948654394431194,0.1375131615098324,0.0,0.0
ollama_llama8b/real-healthy-054,llama,3,0.0,healthy,0.06356485655389416,0.26128400125199247,0.4742639839924933,0.48014008720440715,0.12582621009947395,0.2207478679514783,0.43133171275920135,0.5946040607698054,0.05883375552964881,0.16213187784627386,0.05581276324393273,0.2587849044087783,24.39373950570151,9.680480410788377
ollama_llama8b/real-healthy-057,llama,2,0.0,healthy,0.037539007387411026,0.193996374254617,0.6983198094068699,0.5337346562064742,0.1596568347384695,0.16316507426871524,0.3362936632934454,0.4691212223274702,0.24246828625650318,0.2217212930157315,0.263925452690946,0.08698207472182759,0.0,0.0
ollama_llama8b/real-healthy-057,llama,3,0.0,healthy,0.06977990151573189,0.20783077218783413,0.7635600226334458,0.07557625674234694,0.1596568347384695,0.11590769263416967,0.2732492512478962,0.344559692602343,0.29438534681721124,0.08347391168875988,0.26472330433790575,0.0721191315758587,7.842331039524684,1.8053565555324718
ollama_llama8b/real-healthy-057,llama,4,0.0,healthy,0.10940940809470026,0.13843982221733825,0.7278473556512948,0.39670391408558947,0.16413049394056628,0.14520090007241823,0.4896139524344712,0.6859327973444741,0.5009042168412837,0.09027291236604146,0.27687826573962726,0.11523623261647493,56.49397083875658,8.117658065214565
ollama_llama8b/real-healthy-058,llama,2,0.0,healthy,0.037539007387411026,0.09185265103779176,0.8946814880160138,0.19349629378588187,0.1596568347384695,0.12893317193383533,0.2138086673332924,0.3958934185060685,0.43272052000083217,0.06729306150360055,0.18240873343222416,0.044905587431624226,0.0,0.0
ollama_llama8b/real-healthy-058,llama,3,0.0,healthy,0.06977990151573189,0.12294878749056967,0.884592058755603,0.6517015623655446,0.1596568347384695,0.41657531997174724,0.16623544199291532,0.18901749910150117,0.24341764827549942,0.1143729769714781,0.24208282008607898,0.05985080416225043,11.690759010690545,2.4701372515177926
ollama_llama8b/real-healthy-058,llama,4,0.0,healthy,0.12521733315109204,0.06697832570090652,0.3691600198035238,0.193284109200091,0.1596568347384695,0.9332268347108401,0.15166117582264563,0.58075150838852,0.42269048213159865,0.1930412088345403,0.1369080304258861,0.8094954297855634,22.203222957510974,3.0839939199403448
ollama_llama8b/real-healthy-060,llama,2,0.0,healthy,0.774968493351612,0.9990068883697154,0.3966959179082524,0.9463480890611938,0.1596568347384695,0.16316507426871524,0.46087636674212484,0.9999946189185795,0.3747135723827036,0.9995413408729227,0.6892501256409252,0.9999721751140449,0.0,0.0
ollama_llama8b/real-healthy-060,llama,3,0.0,healthy,0.9451869236951257,0.99769439939524,0.6206936058304767,0.3344666144944849,0.8784588565537229,0.9809842124544299,0.4510317912415316,0.9991709393003352,0.9646061674555072,0.9950758629670782,0.9758787314845042,0.9977209495485343,41.04349222733882,149.61453577232922
ollama_llama8b/real-healthy-060,llama,4,0.0,healthy,0.9605934971541146,0.996766061522016,0.4915902673918986,0.35117353569160764,0.6666185485967777,0.8937581337515247,0.4495446121046036,0.9996482029824604,0.9733580674682596,0.9917072539613799,0.9764604244945937,0.9926858556692323,66.08361726975,206.35939474025645
ollama_llama8b/real-healthy-061,llama,2,0.0,healthy,0.037539007387411026,0.14032901022099434,0.40340353777015414,0.6782034753562547,0.18609135941053026,0.29621435913826016,0.26920715131140416,0.41131132641055246,0.02056549217645876,0.11858232936720152,0.037948654394431194,0.13374938281554843,0.0,0.0
ollama_llama8b/real-healthy-061,llama,3,0.0,healthy,0.06356485655389416,0.26128400125199247,0.5819910348425847,0.4784814145530874,0.39743585907569134,0.26049469141127984,0.43133171275920135,0.5946040607698054,0.05883375552964881,0.09888299909213442,0.05581276324393273,0.2587849044087783,23.901316109554163,9.457260243494655
ollama_llama8b/real-healthy-064,llama,2,0.0,healthy,0.037539007387411026,0.193996374254617,0.40379760480325166,0.2026895121540858,0.15243041689501075,0.12048859897943628,0.3362936632934454,0.4691212223274702,0.019166994956766138,0.10113068546641638,0.0572013479565951,0.07357723973442044,0.0,0.0
ollama_llama8b/real-healthy-064,llama,3,0.0,healthy,0.06977990151573189,0.20783077218783413,0.48289839791850014,0.2840456055198596,0.12224391041120611,0.1435670803607443,0.2732492512478962,0.344559692602343,0.019408207062632483,0.1034852515490499,0.07851738136843152,0.07103594582894723,7.842331039524684,18.979405702050187
ollama_llama8b/real-healthy-064,llama,4,0.0,healthy,0.10940940809470026,0.13843982221733825,0.6817415532381546,0.4082862535502785,0.12582621009947395,0.19152740344122826,0.4896139524344712,0.6859327973444741,0.07313146359909259,0.057850113953124976,0.056146189654775434,0.13634407800146744,50.44952494780151,29.922109289223684
ollama_llama8b/real-healthy-065,llama,2,0.0,healthy,0.037539007387411026,0.09185265103779176,0.7358555561632327,0.49117770201945343,0.12224391041120611,0.2489278371555476,0.2138086673332924,0.3958934185060685,0.01869721240507697,0.0759389107384944,0.028207699695251436,0.09045910423490584,0.0,0.0
ollama_llama8b/real-healthy-065,llama,3,0.0,healthy,0.06977990151573189,0.12294878749056967,0.6188069352164196,0.8149558671299546,0.12224391041120611,0.2695519526138402,0.16623544199291532,0.18901749910150117,0.009886932780481006,0.07674289774290478,0.0604936444091911,0.05400446317797877,11.690759010690545,1.6980316406308695
ollama_llama8b/real-healthy-065,llama,4,0.0,healthy,0.12521733315109204,0.06697832570090652,0.4830934890161966,0.5793953644637748,0.05215351020875097,0.9329121852929538,0.15166117582264563,0.58075150838852,0.06752716842670188,0.1603531874006628,0.04346573675842901,0.8252168729053357,22.203222957510974,2.1204395543133345
ollama_llama8b/real-healthy-069,llama,2,0.0,healthy,0.8005009175194636,0.9990068883697154,0.046331476835150334,0.8664795671338031,0.8784588565537229,0.7068959468228706,0.43391022865443524,0.9999967202654785,0.3546792861441186,0.9990691851188067,0.41333834548376835,0.9999135662944056,0.0,0.0
ollama_llama8b/real-healthy-069,llama,3,0.0,healthy,0.95700738544493,0.984841035629002,0.07117748199874005,0.2265231727377345,0.8784588565537229,0.19110126449457168,0.8000506263166284,0.9997334087428401,0.9167286109562902,0.9680242685041831,0.9587653042713041,0.9993656860336123,23.89670207437635,191.07438788397366
ollama_llama8b/real-healthy-069,llama,4,0.0,healthy,0.9623695514595612,0.9997684163309662,0.076574595617142,0.8191690006667288,0.8784588565537229,0.9809842124544299,0.840068035472949,0.999972487846069,0.9712432909653567,0.999113463471472,0.9620318325191282,0.9998652480366188,219.48557839063864,436.84441372519154
ollama_llama8b/real-healthy-071,llama,2,0.0,healthy,0.037539007387411026,0.193996374254617,0.4942728502478843,0.5091665865291422,0.4895232201477896,0.3499501493619708,0.3362936632934454,0.4691212223274702,0.019166994956766138,0.13522851045786,0.1395733739054481,0.1577996220633882,0.0,0.0
ollama_llama8b/real-healthy-071,llama,3,0.0,healthy,0.06977990151573189,0.20783077218783413,0.5903842769230565,0.523937044625379,0.4895232201477896,0.3365226134538805,0.2732492512478962,0.344559692602343,0.019408207062632483,0.07880918441282263,0.1563558057256063,0.12379313212275696,7.842331039524684,6.45360804978195
ollama_llama8b/real-healthy-071,llama,4,0.0,healthy,0.10940940809470026,0.13843982221733825,0.755570039709877,0.6160503011755737,0.4881030743132764,0.2491393129036302,0.4896139524344712,0.6859327973444741,0.07313146359909259,0.07959486466827871,0.15967827333723317,0.17166466471920475,48.477239884198525,14.7979923671834
ollama_llama8b/real-healthy-072,llama,2,0.0,healthy,0.037539007387411026,0.09185265103779176,0.7358555561632327,0.4980892460430938,0.8676937225792667,0.3839367919489822,0.2138086673332924,0.3958934185060685,0.01869721240507697,0.0759389107384944,0.11040727134703808,0.09299775096694303,0.0,0.0
ollama_llama8b/real-healthy-072,llama,3,0.0,healthy,0.06977990151573189,0.12294878749056967,0.6188069352164196,0.8190892757209646,0.962199895642275,0.35714602873009826,0.16623544199291532,0.18901749910150117,0.009886932780481006,0.07674289774290478,0.21587703121027108,0.05400446317797877,11.690759010690545,1.6980316406308695
ollama_llama8b/real-healthy-072,llama,4,0.0,healthy,0.12521733315109204,0.06697832570090652,0.4830934890161966,0.5861183339423223,0.962199895642275,0.9329121852929538,0.15166117582264563,0.58075150838852,0.06752716842670188,0.16042754237568532,0.08623414084274485,0.8252168729053357,22.203222957510974,2.1204395543133345
ollama_llama8b/real-healthy-076,llama,2,0.0,healthy,0.8005009175194636,0.9990068883697154,0.3966959179082524,0.9495703908565992,0.18609135941053026,0.34550875209031995,0.43391022865443524,0.9999967202654785,0.3747135723827036,0.9993126365783894,0.6230604271764133,0.9999425474765765,0.0,0.0
ollama_llama8b/real-healthy-076,llama,3,0.0,healthy,0.95700738544493,0.984841035629002,0.633810201031978,0.513416543742423,0.8784588565537229,0.12048859897943628,0.8000506263166284,0.9997334087428401,0.968254910463643,0.9802463204804963,0.9924250682846094,0.9995133606331619,40.201470840834595,150.1697924722496
ollama_llama8b/real-healthy-076,llama,4,0.0,healthy,0.9623695514595612,0.9997684163309662,0.604692910764536,0.8989916959279247,0.8784588565537229,0.8059794329903537,0.840068035472949,0.999972487846069,0.9532150161419467,0.99880293477609,0.990445089053002,0.999894996443526,219.48557839063864,263.7374363125822
ollama_llama8b/real-healthy-077,llama,2,0.0,healthy,0.5297571020288968,0.24188750224988034,0.22588422050741402,0.18976476866418723,0.15243041689501075,0.23656036805193265,0.19974368778611412,0.11699589206157997,0.5586394009108504,0.13849975936040468,0.1290485151522326,0.04957125227891828,0.0,0.0
ollama_llama8b/real-healthy-077,llama,3,0.0,healthy,0.6835670998778485,0.1126839752770266,0.08626959835640349,0.1696325242139134,0.12582621009947395,0.1909981564677483,0.3539361393197971,0.9192733523909392,0.5675000742636914,0.09196321078149165,0.10624151321515245,0.6587044734635761,212.59462598647085,8.026123134340404
ollama_llama8b/real-healthy-078,llama,2,0.0,healthy,0.037539007387411026,0.14032901022099434,0.11582993911138509,0.8904077173972565,0.1596568347384695,0.25869074865267216,0.18143429653736634,0.3413191341671612,0.0791645233676868,0.5572789730030219,0.05830232401862616,0.2318964268678417,0.0,0.0
ollama_llama8b/real-healthy-078,llama,3,0.0,healthy,0.06977990151573189,0.0865526929144871,0.10055139206278697,0.16945968925723517,0.8784588565537229,0.3124154366171535,0.26608286576012224,0.14949235675078965,0.09521818857235753,0.06461522413803447,0.06844049780348832,0.08941895317355057,4.690148043104875,1.5846226330928457
ollama_llama8b/real-healthy-078,llama,4,0.0,healthy,0.10940940809470026,0.16760016027067992,0.35428154736534007,0.11106181202540313,0.6666185485967777,0.44345042304531107,0.3784575940912485,0.20483045597997476,0.3881874935102009,0.10981626619461553,0.15974268285989154,0.13871315409888796,172.29030676628085,10.913016109280774
ollama_llama8b/real-healthy-079,llama,2,0.0,healthy,0.037539007387411026,0.14032901022099434,0.13554487799037893,0.33150203460341005,0.12224391041120611,0.4914211586742914,0.29419578883154707,0.1105846491617848,0.06842088611552752,0.10403826755290826,0.05230277310515471,0.08777967738609528,0.0,0.0
ollama_llama8b/real-healthy-079,llama,3,0.0,healthy,0.06356485655389416,0.26128400125199247,0.2209021585736322,0.8173383624458175,0.12582621009947395,0.3595616857590704,0.6802667693883844,0.7359501600037595,0.14788012974107165,0.3989135319931573,0.08153253675111907,0.3639990453570074,52.85678335397681,9.510240667208718
ollama_llama8b/real-healthy-083,llama,2,0.0,healthy,0.8005009175194636,0.9990068883697154,0.4890652129813927,0.9548264252070076,0.8676937225792667,0.2859404802799176,0.43391022865443524,0.9999967202654785,0.3747135723827036,0.9993111126448009,0.6230604271764133,0.9999405743334953,0.0,0.0
ollama_llama8b/real-healthy-083,llama,3,0.0,healthy,0.95700738544493,0.984841035629002,0.7158773735122703,0.5369473878511031,0.8784588565537229,0.13493053167766414,0.8000506263166284,0.9997334087428401,0.968254910463643,0.9806697956796627,0.9924250682846094,0.9995133606331619,40.201470840834595,150.1697924722496
ollama_llama8b/real-healthy-083,llama,4,0.0,healthy,0.9623695514595612,0.9997684163309662,0.690094905994029,0.9964649182126538,0.8784588565537229,0.873906667083522,0.840068035472949,0.999972487846069,0.9532150161419467,0.9994593708135078,0.990445089053002,0.999894996443526,219.48557839063864,263.7374363125822
ollama_llama8b/real-healthy-084,llama,2,0.0,healthy,0.5297571020288968,0.24188750224988034,0.6440130482229315,0.5715359853766956,0.4895232201477896,0.2412576710595795,0.19974368778611412,0.11699589206157997,0.31880923930470284,0.12909676433517048,0.13784421557550697,0.08452368343724327,0.0,0.0
ollama_llama8b/real-healthy-084,llama,3,0.0,healthy,0.6835670998778485,0.1126839752770266,0.5087328866745282,0.4707695147376519,0.4881030743132764,0.19413642365198142,0.3539361393197971,0.9192733523909392,0.36892658374848225,0.08690068040880992,0.10447801766030583,0.6815245615993157,212.59462598647085,8.026123134340404
ollama_llama8b/real-healthy-085,llama,2,0.0,healthy,0.037539007387411026,0.14032901022099434,0.556446518468278,0.7190484471038959,0.4895232201477896,0.22569802923274576,0.18143429653736634,0.3413191341671612,0.017905376516735464,0.09164120970199469,0.07583116649284051,0.08447716580597456,0.0,0.0
ollama_llama8b/real-healthy-085,llama,3,0.0,healthy,0.06977990151573189,0.0865526929144871,0.5575515328885593,0.3642073297726326,0.4895232201477896,0.20636998903657433,0.26608286576012224,0.14949235675078965,0.02273896952037753,0.03793838469620929,0.08961031396547499,0.0876180569729406,4.690148043104875,1.5846226330928457
ollama_llama8b/real-healthy-085,llama,4,0.0,healthy,0.10940940809470026,0.16760016027067992,0.6799551817403827,0.33131285543988753,0.4881030743132764,0.15835169523425735,0.3784575940912485,0.20483045597997476,0.05017050279834526,0.08689890539449209,0.10029306754075538,0.13736528057024328,46.609539121248325,10.660568953717437
ollama_llama8b/real-healthy-086,llama,2,0.0,healthy,0.037539007387411026,0.14032901022099434,0.34736030061295325,0.597074109650983,0.4895232201477896,0.20636998903657433,0.29419578883154707,0.1105846491617848,0.015459694935828943,0.1202170733142906,0.07025881871442358,0.09659131733171228,0.0,0.0
ollama_llama8b/real-healthy-086,llama,3,0.0,healthy,0.06356485655389416,0.26128400125199247,0.8756940302555994,0.9495668609720906,0.4881030743132764,0.2283959712748539,0.6802667693883844,0.7359501600037595,0.29320888859157734,0.5163853526301894,0.19731197749142745,0.40369208455548694,34.08664550139144,10.781938820686154
ollama_llama8b/real-healthy-087,llama,2,0.0,healthy,0.05651135372631557,0.2385787023963698,0.07253469200357844,0.9039991526746687,0.15243041689501075,0.12048859897943628,0.9675652527926459,0.9999980288839183,0.0307176118921008,0.40152711122279294,0.13093178168295866,0.9973456285742103,0.0,0.0
ollama_llama8b/real-healthy-087,llama,3,0.0,healthy,0.895759976053159,0.7204104664280041,0.2224831809554909,0.19622426742250923,0.8784588565537229,0.11442472959485787,0.8531724043287049,0.999406944028638,0.7891569211808123,0.4271568505221345,0.9221770537679647,0.9451208045618974,29.96838670435609,191.1041058616805
ollama_llama8b/real-healthy-087,llama,4,0.0,healthy,0.9932612353497323,0.9998191650207305,0.26264761254059854,0.43836365880125505,0.8784588565537229,0.8708109482974413,0.8730523345109503,0.9996915209309961,0.993163456898852,0.9992819760956608,0.9686127057676472,0.999246490727656,114.29946190410719,449.1603334776214
ollama_llama8b/real-healthy-089,llama,2,0.0,healthy,0.5297571020288968,0.24188750224988034,0.2772386409827127,0.3982030514975202,0.15008489236297975,0.3038682112477305,0.25092306180899066,0.48083016420314567,0.5626007445836756,0.18896137779334052,0.15449217645430077,0.3501814810331966,0.0,0.0
ollama_llama8b/real-healthy-089,llama,3,0.0,healthy,0.6835670998778485,0.10775226892861577,0.14914335574413243,0.9679734109713902,0.33749317906335896,0.32929930111663985,0.6587626782421347,0.5670634450838543,0.5699349912012944,0.7702396294128332,0.3170578735190827,0.29671792717860346,350.71505298642086,10.834538586624824
ollama_llama8b/real-healthy-090,llama,2,0.0,healthy,0.8005009175194636,0.9990068883697154,0.4552374484778442,0.9495703908565992,0.18609135941053026,0.47584371979258944,0.43391022865443524,0.9999967202654785,0.3747135723827036,0.9992534029572249,0.6230604271764133,0.9999425474765765,0.0,0.0
ollama_llama8b/real-healthy-090,llama,3,0.0,healthy,0.95700738544493,0.984841035629002,0.7158773735122703,0.5422482261437453,0.8784588565537229,0.13493053167766414,0.8000506263166284,0.9997334087428401,0.968254910463643,0.9806697956796627,0.9924250682846094,0.9995133606331619,40.201470840834595,150.1697924722496
ollama_llama8b/real-healthy-090,llama,4,0.0,healthy,0.9623695514595612,0.9997684163309662,0.690094905994029,0.9964900458853233,0.8784588565537229,0.873906667083522,0.840068035472949,0.999972487846069,0.9532150161419467,0.9994593708135078,0.990445089053002,0.999894996443526,219.48557839063864,263.7374363125822
ollama_llama8b/real-healthy-091,llama,2,0.0,healthy,0.5297571020288968,0.24188750224988034,0.674500096347304,0.5619550173529471,0.4895232201477896,0.2412576710595795,0.19974368778611412,0.11699589206157997,0.31880923930470284,0.11920192197424043,0.13784421557550697,0.08452368343724327,0.0,0.0
ollama_llama8b/real-healthy-091,llama,3,0.0,healthy,0.6835670998778485,0.1126839752770266,0.5425766020687105,0.4745534907731245,0.4881030743132764,0.19413642365198142,0.3539361393197971,0.9192733523909392,0.36892658374848225,0.08690068040880992,0.10447801766030583,0.6815245615993157,212.59462598647085,8.026123134340404
ollama_llama8b/real-healthy-092,llama,2,0.0,healthy,0.037539007387411026,0.14032901022099434,0.556446518468278,0.7190484471038959,0.4895232201477896,0.22569802923274576,0.18143429653736634,0.3413191341671612,0.017905376516735464,0.09164120970199469,0.07583116649284051,0.08447716580597456,0.0,0.0
ollama_llama8b/real-healthy-092,llama,3,0.0,healthy,0.06977990151573189,0.0865526929144871,0.49787763476084657,0.2816486892382798,0.4895232201477896,0.20636998903657433,0.26608286576012224,0.14949235675078965,0.02273896952037753,0.036960643587849104,0.08961031396547499,0.0876180569729406,4.690148043104875,1.5846226330928457
ollama_llama8b/real-healthy-092,llama,4,0.0,healthy,0.10940940809470026,0.16760016027067992,0.6497137263852636,0.3232734150696723,0.4881030743132764,0.15835169523425735,0.3784575940912485,0.20483045597997476,0.05017050279834526,0.08870990506815671,0.10029306754075538,0.13736528057024328,46.609539121248325,10.660568953717437
ollama_llama8b/real-healthy-093,llama,2,0.0,healthy,0.037539007387411026,0.14032901022099434,0.5445886921080484,0.5862125308507149,0.4895232201477896,0.20636998903657433,0.29419578883154707,0.1105846491617848,0.015459694935828943,0.09374256293092947,0.07025881871442358,0.09659131733171228,0.0,0.0
ollama_llama8b/real-healthy-093,llama,3,0.0,healthy,0.06356485655389416,0.26128400125199247,0.7974402678041802,0.9388129190402842,0.4881030743132764,0.2283959712748539,0.6802667693883844,0.7359501600037595,0.05999200248953991,0.35397556095695654,0.06954057114159816,0.38872293785070505,25.470172398830524,10.896343350694604
ollama_llama8b/real-healthy-094,llama,2,0.0,healthy,0.05651135372631557,0.2385787023963698,0.4890652129813927,0.9548264252070076,0.15008489236297975,0.37938784728458674,0.9675652527926459,0.9999980288839183,0.006934405583906845,0.44658286029722566,0.2020175406356837,0.9982193417619833,0.0,0.0
ollama_llama8b/real-healthy-094,llama,3,0.0,healthy,0.895759976053159,0.7204104664280041,0.7622065514552161,0.4359591292489469,0.8784588565537229,0.12893317193383533,0.8531724043287049,0.999406944028638,0.910144202107931,0.421312697424216,0.9765327991739036,0.9567032438396071,41.02965550745806,150.25486764586174
ollama_llama8b/real-healthy-094,llama,4,0.0,healthy,0.9932612353497323,0.9998191650207305,0.7917411383782439,0.9876153320767124,0.8784588565537229,0.8059794329903537,0.8730523345109503,0.9996915209309961,0.9901800622831012,0.9995694920344962,0.9897354553997763,0.9994127583577538,89.00655285930497,275.5130312119624
ollama_llama8b/real-healthy-096,llama,2,0.0,healthy,0.5297571020288968,0.24188750224988034,0.890911779500417,0.7291298290042785,0.4895232201477896,0.20636998903657433,0.25092306180899066,0.48083016420314567,0.710250574031255,0.1972677021692352,0.40016845343246693,0.3996799085063239,0.0,0.0
ollama_llama8b/real-healthy-096,llama,3,0.0,healthy,0.6835670998778485,0.10775226892861577,0.7803162917183128,0.9888692649667069,0.4881030743132764,0.2283959712748539,0.6587626782421347,0.5670634450838543,0.7830626490322217,0.8467030460743118,0.6526768629102346,0.3463248070967278,350.71505298642086,10.834538586624824
ollama_llama8b/real-healthy-097,llama,2,0.0,healthy,0.8005009175194636,0.9990068883697154,0.07253469200357844,0.8804170793921084,0.15243041689501075,0.12048859897943628,0.526702341307327,0.9999988221772674,0.3007621258717836,0.9989617841096576,0.4213637801476187,0.9999783903636597,0.0,0.0
ollama_llama8b/real-healthy-097,llama,3,0.0,healthy,0.95700738544493,0.99769439939524,0.3137991658664191,0.20054566004626406,0.8784588565537229,0.13493053167766414,0.8295497556711537,0.9995265461155608,0.9243032822060768,0.9929766487043087,0.9515357848533491,0.99754154849505,29.321716608034517,192.14274943103624
ollama_llama8b/real-healthy-097,llama,4,0.0,healthy,0.9605934971541146,0.996766061522016,0.2531490166558256,0.20308947043176792,0.6666185485967777,0.190713173332439,0.7482936357151789,0.9999708923457602,0.9663531118546718,0.989760382412033,0.9540092642716186,0.9988788524782135,107.3604699264872,210.96729115278578
ollama_llama8b/real-healthy-099,llama,2,0.0,healthy,0.5297571020288968,0.24188750224988034,0.15865217768537493,0.32840828731916705,0.3985206106712218,0.262683768137812,0.3174291051471918,0.38222204523031356,0.41571640508471347,0.09071817787504645,0.15456559634477107,0.1397794205376321,0.0,0.0
ollama_llama8b/real-healthy-099,llama,3,0.0,healthy,0.6835670998778485,0.10627461009175045,0.1560391596645913,0.5416814110630133,0.42363283557654646,0.26049469141127984,0.3809474499600716,0.30789640716326827,0.5733289369797994,0.24435721083689207,0.21509498172581543,0.07186481952841832,308.8733173749284,9.415080831759502
ollama_llama8b/real-healthy-100,llama,2,0.0,healthy,0.037539007387411026,0.14032901022099434,0.370086749986035,0.31786788440544445,0.12224391041120611,0.3274997560044557,0.157398016502235,0.1676892917654153,0.23969443551994418,0.14747963488058632,0.0939705787369169,0.066361526727838,0.0,0.0
ollama_llama8b/real-healthy-100,llama,3,0.0,healthy,0.06977990151573189,0.08312262521897999,0.3859204481844736,0.19860149797020818,0.12224391041120611,0.29230319583438635,0.15908200809292888,0.13504745409395255,0.24440176775522052,0.0676610285207026,0.13030798802311228,0.06168273064633963,95.77589284015387,30.605516068769568
ollama_llama8b/real-healthy-100,llama,4,0.0,healthy,0.10940940809470026,0.16152616013135165,0.3802812530319791,0.18144890888136966,0.12582621009947395,0.30847788721066416,0.33160576730359465,0.43053527587414675,0.25873187811372095,0.12469961395654384,0.16617769869453136,0.292626426661577,190.5967746541867,37.60337309187129
ollama_llama8b/real-healthy-101,llama,2,0.0,healthy,0.037539007387411026,0.09185265103779176,0.4004084859181183,0.14487224509293548,0.3985206106712218,0.2546476267959918,0.17837946211394334,0.5421368524643774,0.11023712072003027,0.07547265842177191,0.08046275062277095,0.3152532508178012,0.0,0.0
ollama_llama8b/real-healthy-101,llama,3,0.0,healthy,0.06977990151573189,0.12294878749056967,0.42580976710957746,0.1761413466520232,0.12224391041120611,0.3177575105319958,0.16878705571136116,0.27566005295083545,0.08899971215999362,0.06606097337922655,0.10281553453978677,0.17302369002642892,36.8013459546436,0.08426395220352789
ollama_llama8b/real-healthy-101,llama,4,0.0,healthy,0.10940940809470026,0.16760016027067992,0.2842821248845268,0.2071804603179967,0.15673935612751372,0.22479028395278042,0.3415840881204166,0.14222845933011544,0.15795857748099765,0.10345350448461303,0.11624059691844017,0.09177082174143282,78.52788856913813,8.455402636729136
ollama_llama8b/real-healthy-104,llama,2,0.0,healthy,0.037539007387411026,0.09185265103779176,0.11806496871433618,0.923252254039002,0.12224391041120611,0.2489278371555476,0.3149195437837095,0.14641317913738766,0.08570121178078201,0.3975164228002577,0.05438343230319822,0.08298932954702865,0.0,0.0
ollama_llama8b/real-healthy-104,llama,3,0.0,healthy,0.06977990151573189,0.12294878749056967,0.26248744742297825,0.46449540401417866,0.12224391041120611,0.2695519526138402,0.34305813465467216,0.29639643937724813,0.039733144960414746,0.13831513018635916,0.045981347739463295,0.21684700508793608,19.24134768888635,4.464584512847649
ollama_llama8b/real-healthy-104,llama,4,0.0,healthy,0.10940940809470026,0.16760016027067992,0.11957500324002297,0.5007622613963154,0.12582621009947395,0.3060120276279197,0.4934084026060676,0.2407536676933049,0.08272046353031662,0.5434280846097828,0.13372367818130312,0.2434493303951096,71.03313240067015,12.752409200212432
ollama_llama8b/real-healthy-107,llama,2,0.0,healthy,0.5297571020288968,0.24188750224988034,0.2860470921283927,0.23660572378361389,0.3985206106712218,0.27352983326268004,0.37411078322829266,0.6207582213604377,0.41512586774029453,0.09741659591062257,0.20962366213682726,0.512812327516208,0.0,0.0
ollama_llama8b/real-healthy-107,llama,3,0.0,healthy,0.9952466660164484,0.684252292373398,0.18711726400530573,0.32623220591447893,0.8784588565537229,0.11590769263416967,0.5504307062636006,0.4955425879889251,0.9879907216705204,0.42602446466132227,0.9439509300978963,0.39184815983585203,79.99180158766514,197.60125135548404
ollama_llama8b/real-healthy-107,llama,4,0.0,healthy,0.9929051207263309,0.24416571253694938,0.17279303471403318,0.2518217313651286,0.6666185485967777,0.14520090007241823,0.6846971236387774,0.9888953531746907,0.9919781669956917,0.31828579347485797,0.9520944821350711,0.9466296489170025,588.2044969787718,206.04558071983854
ollama_llama8b/real-healthy-108,llama,2,0.0,healthy,0.037539007387411026,0.14032901022099434,0.225036501342955,0.16125529009485043,0.12224391041120611,0.21027340762604207,0.13164364481708687,0.15348038589415844,0.09138918958412001,0.06120820023610962,0.08335397489994267,0.06117566392236635,0.0,0.0
ollama_llama8b/real-healthy-108,llama,3,0.0,healthy,0.06977990151573189,0.0865526929144871,0.4645670898615288,0.16165312989482597,0.15243041689501075,0.2832518624986822,0.12910186704719656,0.3071504637030792,0.030392235106734118,0.062238265047264534,0.07182950412061098,0.06221699165208236,5.416498307804303,0.8557659412412115
ollama_llama8b/real-healthy-108,llama,4,0.0,healthy,0.10940940809470026,0.16760016027067992,0.15753680932561015,0.08315945399606144,0.15673935612751372,0.24112549780774234,0.38803704483913576,0.13382024753332905,0.11575986807743048,0.10326345813008334,0.10605383877250196,0.08304506833900245,60.81445571745893,9.16316482126117
ollama_llama8b/real-healthy-109,llama,2,0.0,healthy,0.5297571020288968,0.24188750224988034,0.24687009771777343,0.2524710633316193,0.11222892753447956,0.2859404802799176,0.2823377787942594,0.3034434554374894,0.4202534873355175,0.11360679930633145,0.19365197882030613,0.12500415449068253,0.0,0.0
ollama_llama8b/real-healthy-109,llama,3,0.0,healthy,0.6835670998778485,0.10627461009175045,0.10592569256808218,0.23829913677057807,0.06695666813136031,0.26049469141127984,0.7865822899765538,0.9670160117988919,0.3994629810932194,0.07235521762977229,0.3169409225701028,0.6561127854872234,87.75505354794842,4.673336351700722
ollama_llama8b/real-healthy-111,llama,2,0.0,healthy,0.037539007387411026,0.09185265103779176,0.6445559913555622,0.9706615727980951,0.4895232201477896,0.22569802923274576,0.3149195437837095,0.14641317913738766,0.03250070177358028,0.4620395123164276,0.08049323274616543,0.09392978786380275,0.0,0.0
ollama_llama8b/real-healthy-111,llama,3,0.0,healthy,0.06977990151573189,0.12294878749056967,0.6324345603132527,0.6630049953814325,0.4895232201477896,0.2636697552110766,0.34305813465467216,0.29639643937724813,0.016387836112548685,0.1084789692308432,0.07107756620751793,0.22633455844485906,19.24134768888635,6.546279521152632
ollama_llama8b/real-healthy-111,llama,4,0.0,healthy,0.10940940809470026,0.16760016027067992,0.598202166987054,0.6513769803791531,0.4881030743132764,0.15835169523425735,0.4934084026060676,0.2407536676933049,0.050578822360360855,0.42270406544924066,0.13678159434220877,0.2489143698545921,53.93976911923081,17.280064950102698
ollama_llama8b/real-healthy-114,llama,2,0.0,healthy,0.5297571020288968,0.24188750224988034,0.739271623661537,0.5686158043157403,0.4895232201477896,0.20636998903657433,0.37411078322829266,0.6207582213604377,0.23493272834226533,0.10148614592655139,0.236971175405378,0.5480737698418281,0.0,0.0
ollama_llama8b/real-healthy-114,llama,3,0.0,healthy,0.9952466660164484,0.684252292373398,0.5318872856964179,0.671730317700811,0.8784588565537229,0.2641299665749724,0.5504307062636006,0.4955425879889251,0.9964822397205254,0.4113878757725451,0.9808486199349076,0.5415979361398247,79.99180158766514,171.33320186122265
ollama_llama8b/real-healthy-114,llama,4,0.0,healthy,0.9929051207263309,0.24416571253694938,0.650944377187587,0.5026863119995021,0.6666185485967777,0.24286266060629363,0.6846971236387774,0.9888953531746907,0.9977118753233745,0.26785948486323874,0.9740253121378031,0.9669062147949253,588.2044969787718,237.52416111195384
ollama_llama8b/real-healthy-115,llama,2,0.0,healthy,0.037539007387411026,0.14032901022099434,0.6932959277202401,0.5111006849991381,0.4895232201477896,0.2412576710595795,0.13164364481708687,0.15348038589415844,0.01965648653426705,0.0682836006346941,0.10770553192957205,0.06604510589939076,0.0,0.0
ollama_llama8b/real-healthy-115,llama,3,0.0,healthy,0.06977990151573189,0.0865526929144871,0.8361925431721354,0.5452284925613898,0.4895232201477896,0.17466645348377266,0.12910186704719656,0.3071504637030792,0.009634371228777147,0.0458884300236496,0.11259373924312915,0.05813204132373511,5.416498307804303,3.574850925626036
ollama_llama8b/real-healthy-115,llama,4,0.0,healthy,0.10940940809470026,0.16760016027067992,0.7825273064105508,0.30300758010393625,0.4881030743132764,0.1616071730807812,0.38803704483913576,0.13382024753332905,0.04736907934384514,0.08179388115997088,0.15091238532403967,0.08703727006416404,48.132686796582824,13.050150034533111
ollama_llama8b/real-healthy-116,llama,2,0.0,healthy,0.5297571020288968,0.24188750224988034,0.7168730870513974,0.5182703262618232,0.962199895642275,0.35926156738944354,0.2823377787942594,0.3034434554374894,0.20222827435397586,0.12860335875288184,0.2524111202845491,0.13699136386786429,0.0,0.0
ollama_llama8b/real-healthy-116,llama,3,0.0,healthy,0.6835670998778485,0.10627461009175045,0.5051465038069963,0.4834414083454248,0.9626820029737977,0.3060120276279197,0.7865822899765538,0.9670160117988919,0.22496306352693704,0.07659343857635355,0.4150262910080103,0.6738881087998901,87.75505354794842,7.610829228164132
ollama_llama8b/real-healthy-119,llama,2,0.0,healthy,0.037539007387411026,0.09185265103779176,0.08486745729622708,0.6791315650264014,0.12224391041120611,0.2489278371555476,0.42461006701264187,0.3312907006700298,0.08354092828925216,0.09684109778204883,0.05030206839834841,0.3466688005944321,0.0,0.0
ollama_llama8b/real-healthy-119,llama,3,0.0,healthy,0.06977990151573189,0.12294878749056967,0.19209211185510613,0.5447313918152653,0.12224391041120611,0.2695519526138402,0.22246599534206848,0.3732317914927557,0.08205967849786726,0.30674589211241987,0.07177607830614706,0.5855955934970835,2.791324714877971,2.6392987692179664
ollama_llama8b/real-healthy-119,llama,4,0.0,healthy,0.10940940809470026,0.16760016027067992,0.11752697265773138,0.2713577883900981,0.12582621009947395,0.3060120276279197,0.37188363171736083,0.36541290046867,0.09541395313345506,0.39461096051091754,0.13787333008363806,0.06929972767434282,65.15811949452798,8.552926078845713
ollama_llama8b/real-healthy-121,llama,2,0.0,healthy,0.5297571020288968,0.24188750224988034,0.739271623661537,0.5686158043157403,0.4895232201477896,0.20636998903657433,0.37411078322829266,0.6207582213604377,0.23493272834226533,0.10148614592655139,0.236971175405378,0.5480737698418281,0.0,0.0
ollama_llama8b/real-healthy-121,llama,3,0.0,healthy,0.9952466660164484,0.684252292373398,0.5318872856964179,0.671730317700811,0.8784588565537229,0.2641299665749724,0.5504307062636006,0.4955425879889251,0.9964822397205254,0.4113878757725451,0.9808486199349076,0.5415979361398247,79.99180158766514,171.33320186122265
ollama_llama8b/real-healthy-121,llama,4,0.0,healthy,0.9929051207263309,0.24416571253694938,0.650944377187587,0.5026863119995021,0.6666185485967777,0.3084505520511371,0.6846971236387774,0.9888953531746907,0.9977118753233745,0.26785948486323874,0.9740253121378031,0.980897290592205,588.2044969787718,237.52416111195384
ollama_llama8b/real-healthy-122,llama,2,0.0,healthy,0.037539007387411026,0.14032901022099434,0.6932959277202401,0.5111006849991381,0.4895232201477896,0.2412576710595795,0.13164364481708687,0.15348038589415844,0.01965648653426705,0.07151666724354583,0.10770553192957205,0.06604510589939076,0.0,0.0
ollama_llama8b/real-healthy-122,llama,3,0.0,healthy,0.06977990151573189,0.0865526929144871,0.8167351453944203,0.4721464508862837,0.4895232201477896,0.17466645348377266,0.12910186704719656,0.3071504637030792,0.009634371228777147,0.0458884300236496,0.11259373924312915,0.05813204132373511,5.416498307804303,3.574850925626036
ollama_llama8b/real-healthy-122,llama,4,0.0,healthy,0.10940940809470026,0.16760016027067992,0.758536167141948,0.30300758010393625,0.4881030743132764,0.1616071730807812,0.38803704483913576,0.13382024753332905,0.04736907934384514,0.08179388115997088,0.15091238532403967,0.08703727006416404,48.132686796582824,13.050150034533111
ollama_llama8b/real-healthy-123,llama,2,0.0,healthy,0.5297571020288968,0.24188750224988034,0.6122016151086956,0.5251696222044412,0.4895232201477896,0.22569802923274576,0.2823377787942594,0.3034434554374894,0.20222827435397586,0.1102305428447195,0.19631304401051547,0.13699136386786429,0.0,0.0
ollama_llama8b/real-healthy-123,llama,3,0.0,healthy,0.6835670998778485,0.10627461009175045,0.3889232034128332,0.4886882127496001,0.4881030743132764,0.2283959712748539,0.7865822899765538,0.9670160117988919,0.22496306352693704,0.06739350197286104,0.3391845365804561,0.6738881087998901,87.75505354794842,6.791030801894117
ollama_llama8b/real-healthy-126,llama,2,0.0,healthy,0.037539007387411026,0.09185265103779176,0.5638713954062774,0.8333238814196863,0.4895232201477896,0.22569802923274576,0.42461006701264187,0.3312907006700298,0.017395848929474367,0.07237133489473202,0.05770305284698661,0.3700666016201307,0.0,0.0
ollama_llama8b/real-healthy-126,llama,3,0.0,healthy,0.06977990151573189,0.12294878749056967,0.5337133442270959,0.7362063573953755,0.4895232201477896,0.2636697552110766,0.22246599534206848,0.3732317914927557,0.020584375428054903,0.21801436736797622,0.08423904447654111,0.5945995682333596,2.791324714877971,3.320405683663342
ollama_llama8b/real-healthy-126,llama,4,0.0,healthy,0.10940940809470026,0.16760016027067992,0.9248107003188012,0.511975256866761,0.4881030743132764,0.15835169523425735,0.37188363171736083,0.36541290046867,0.27223888364855064,0.2835869783174522,0.33705788069121406,0.0746271930288481,141.16945075005296,15.279174273984168
ollama_llama8b/real-healthy-127,llama,2,0.0,healthy,0.037539007387411026,0.193996374254617,0.4841874568011505,0.18051335023191065,0.15243041689501075,0.12048859897943628,0.4224762265663026,0.7596717003147484,0.11023712072003027,0.09915483607699006,0.10338461164290531,0.074292481525615,0.0,0.0
ollama_llama8b/real-healthy-127,llama,3,0.0,healthy,0.06977990151573189,0.20783077218783413,0.5092018902089575,0.21980574694610364,0.12224391041120611,0.1435670803607443,0.3841374276581231,0.42425085823254793,0.07076133714840076,0.08500412420316364,0.1467593471594974,0.03800347010739355,35.72544472064,0.9071465000550463
ollama_llama8b/real-healthy-127,llama,4,0.0,healthy,0.10940940809470026,0.13843982221733825,0.5504018950982813,0.46658624127443665,0.12582621009947395,0.19152740344122826,0.600601947234988,0.8776266016813756,0.27183340474418066,0.18140557265008508,0.27055638912202296,0.2149448063183645,92.26708629957899,9.810162473869536
ollama_llama8b/real-healthy-128,llama,2,0.0,healthy,0.5184419800944857,0.3287404508623513,0.3562441606634658,0.5854858883835599,0.3985206106712218,0.36653437819297635,0.4622350663276413,0.45897102070970386,0.4898940648410747,0.32814042525020415,0.18017390526595956,0.2649612531845517,0.0,0.0
ollama_llama8b/real-healthy-128,llama,3,0.0,healthy,0.9950271480388988,0.641932430800183,0.4145642447759087,0.5187243271621744,0.8784588565537229,0.11590769263416967,0.6831727959943634,0.5562052069329332,0.9945370230340477,0.46530644560111967,0.9572494247837833,0.29993753670852047,58.56183021883128,197.7778186787766
ollama_llama8b/real-healthy-128,llama,4,0.0,healthy,0.9927097880232448,0.21771638316045658,0.2253653233877604,0.9956055203485505,0.6666185485967777,0.14520090007241823,0.3747669064193381,0.12963536555313926,0.9909460098970709,0.9726006130664119,0.9646011328966143,0.09405385067961182,1029.061952334686,205.94753490419654
ollama_llama8b/real-healthy-130,llama,2,0.0,healthy,0.5297571020288968,0.24188750224988034,0.5540024472330445,0.5182703262618232,0.962199895642275,0.2569872841881552,0.2823377787942594,0.3034434554374894,0.20222827435397586,0.11299276236992328,0.2524111202845491,0.13699136386786429,0.0,0.0
ollama_llama8b/real-healthy-130,llama,3,0.0,healthy,0.6835670998778485,0.10627461009175045,0.3889232034128332,0.4817819003441917,0.9626820029737977,0.2529133231318595,0.7865822899765538,0.9670160117988919,0.22496306352693704,0.07058761738976096,0.4150262910080103,0.6738881087998901,87.75505354794842,6.791030801894117
ollama_llama8b/real-healthy-133,llama,2,0.0,healthy,0.037539007387411026,0.09185265103779176,0.5302391249130989,0.8461195697703915,0.4895232201477896,0.22569802923274576,0.42461006701264187,0.3312907006700298,0.017395848929474367,0.07519367103052163,0.05770305284698661,0.3700666016201307,0.0,0.0
ollama_llama8b/real-healthy-133,llama,3,0.0,healthy,0.06977990151573189,0.12294878749056967,0.5926131856840552,0.7695779096417794,0.4895232201477896,0.2636697552110766,0.22246599534206848,0.3732317914927557,0.020584375428054903,0.22031520380622013,0.08423904447654111,0.5945995682333596,2.791324714877971,3.320405683663342
ollama_llama8b/real-healthy-133,llama,4,0.0,healthy,0.10940940809470026,0.16760016027067992,0.7003104809151738,0.5136830990371307,0.4881030743132764,0.15835169523425735,0.37188363171736083,0.36541290046867,0.054417251774614456,0.24949082196711697,0.13388677723592993,0.0746271930288481,52.254576688528296,14.091774622027703
ollama_llama8b/real-healthy-134,llama,2,0.0,healthy,0.037539007387411026,0.193996374254617,0.822060893046528,0.49149138286060684,0.4895232201477896,0.3499501493619708,0.4224762265663026,0.7596717003147484,0.026534023648401753,0.11749247794871776,0.1468848963333604,0.12193273762854961,0.0,0.0
ollama_llama8b/real-healthy-134,llama,3,0.0,healthy,0.06977990151573189,0.20783077218783413,0.7078954766790843,0.4585004650664436,0.4895232201477896,0.3365226134538805,0.3841374276581231,0.42425085823254793,0.015776154665130528,0.07000040458797856,0.24570056154653974,0.06699830439613634,35.72544472064,2.6269230325423845
ollama_llama8b/real-healthy-134,llama,4,0.0,healthy,0.10940940809470026,0.13843982221733825,0.7418902621702187,0.8070446163055125,0.4881030743132764,0.2491393129036302,0.600601947234988,0.8776266016813756,0.1439049318205514,0.1471558189764316,0.2519976438835597,0.22399372519104865,81.93551056319549,14.946303315555195
ollama_llama8b/real-healthy-135,llama,2,0.0,healthy,0.5184419800944857,0.3287404508623513,0.8263145246781948,0.8336041296930525,0.4895232201477896,0.20636998903657433,0.4622350663276413,0.45897102070970386,0.2967356630932061,0.2832189953291256,0.17672767870383435,0.3460999935134841,0.0,0.0
ollama_llama8b/real-healthy-135,llama,3,0.0,healthy,0.9950271480388988,0.641932430800183,0.9478859415871915,0.8249518643692368,0.8784588565537229,0.2641299665749724,0.6831727959943634,0.5562052069329332,0.9989436120195305,0.5343787969979368,0.9873628152493295,0.46592342697217437,58.56183021883128,173.82727328656776
ollama_llama8b/real-healthy-135,llama,4,0.0,healthy,0.9927097880232448,0.21771638316045658,0.5455020373294399,0.9984205480757778,0.6666185485967777,0.24286266060629363,0.3747669064193381,0.12963536555313926,0.9973760109122962,0.9843688934027109,0.9836372529201537,0.1666660652943252,1029.061952334686,220.21849992745598
ollama_llama8b/real-tool_cascade-001,llama,2,,tool_cascade,0.05651135372631557,0.2385787023963698,0.45327805365605905,0.955620596650393,0.15008489236297975,0.37938784728458674,0.8312225548076494,0.999997438127366,0.006793122415634819,0.44784705194865715,0.0936200379162585,0.9989739179196111,0.0,0.0
ollama_llama8b/real-tool_cascade-001,llama,3,1.0,tool_cascade,0.895759976053159,0.7204104664280041,0.6451066130175981,0.4265116474245689,0.8784588565537229,0.13493053167766414,0.7002171412979211,0.9999848022587308,0.9084346480279439,0.4660506549021006,0.9581868994223687,0.9027041711217901,40.813234238933795,150.3876323242982
ollama_llama8b/real-tool_cascade-001,llama,4,1.0,tool_cascade,0.9932612353497323,0.9998191650207305,0.9695442819801657,0.6517029759978252,0.8784588565537229,0.7383790994394136,0.6288207877446872,0.9999974923761393,0.9963300648995352,0.9992502070063963,0.9760421306063187,0.9998257960545983,11277.797119139064,403.56067017278906
ollama_llama8b/real-tool_cascade-002,llama,2,,tool_cascade,0.03689363868239793,0.1308557851528342,0.803889722078919,0.5713119894225506,0.4895232201477896,0.2412576710595795,0.36709822819433413,0.1576758431297193,0.026074747883126585,0.09637034210581669,0.19311375937069936,0.06189978273137229,0.0,0.0
ollama_llama8b/real-tool_cascade-002,llama,3,1.0,tool_cascade,0.9833737445152082,0.2829289735364054,0.6304281157858055,0.5183826651989726,0.4895232201477896,0.17466645348377266,0.8366552906154866,0.48951555235494215,0.9838887142659293,0.18474538523425957,0.9747434657233093,0.4456838204772971,10.79494734935259,163.62184936633724
ollama_llama8b/real-tool_cascade-002,llama,4,1.0,tool_cascade,0.9933600146414279,0.4102144540556315,0.9765956793437387,0.8276612086886265,0.9755308621255123,0.3090294346903802,0.7608282073813244,0.9274289614366995,0.997059065533767,0.4970356073233291,0.9955141211934976,0.7227583080427883,10567.854593495873,397.7014617047212
ollama_llama8b/real-tool_cascade-007,llama,2,,tool_cascade,0.4635695444572081,0.8365418400914292,0.45327805365605905,0.9587161924470483,0.18609135941053026,0.34550875209031995,0.956051956244113,0.9999969871189857,0.050626008466432004,0.902308258051265,0.5408705856149747,0.999736493009951,0.0,0.0
ollama_llama8b/real-tool_cascade-007,llama,3,,tool_cascade,0.9628748515545978,0.7569506657483229,0.6897390724884963,0.44508276795820123,0.8784588565537229,0.10150475768591294,0.8540273702860356,0.9983732567837655,0.9692477874143938,0.522462741799904,0.9924750152652895,0.9365451017881786,40.813234238933795,150.3876323242982
ollama_llama8b/real-tool_cascade-007,llama,4,,tool_cascade,0.9921570859795347,0.9998191650207305,0.7465654566773515,0.3617758835109796,0.8784588565537229,0.8435949956289176,0.6729190442834707,0.9999095774499956,0.9899764628092818,0.9989683023576623,0.9735046239996904,0.9993036052769855,88.659205587991,275.62807255146953
ollama_llama8b/real-tool_cascade-010,llama,2,,tool_cascade,0.4635695444572081,0.8365418400914292,0.3948058826876607,0.955620596650393,0.15008489236297975,0.37938784728458674,0.6889291497031245,0.9999969823843071,0.050626008466432004,0.9078543445664794,0.275419841666112,0.9997238908966597,0.0,0.0
ollama_llama8b/real-tool_cascade-010,llama,3,1.0,tool_cascade,0.9628748515545978,0.7569506657483229,0.6681634385012937,0.4137950136084817,0.8784588565537229,0.13493053167766414,0.7372913593570833,0.9999840077287566,0.9663188085675103,0.47672274783853336,0.9796582155259999,0.8664919279037426,40.813234238933795,150.3876323242982
ollama_llama8b/real-tool_cascade-010,llama,4,1.0,tool_cascade,0.9921570859795347,0.9998191650207305,0.968549045776851,0.6589247781777784,0.8784588565537229,0.9809842124544299,0.6449229115167151,0.9999886425582091,0.997170656306156,0.9992502070063963,0.9819459037903202,0.9998230734511099,11367.648347994556,404.7743667958315
ollama_llama8b/real-tool_cascade-011,llama,2,,tool_cascade,0.4635695444572081,0.8365418400914292,0.4877800307443333,0.9493053473204937,0.8676937225792667,0.2786372767802786,0.9385970528170343,0.9999958579613245,0.049957248263443076,0.8944967799074501,0.4777761571555723,0.9995314980621972,0.0,0.0
ollama_llama8b/real-tool_cascade-011,llama,3,1.0,tool_cascade,0.9628748515545978,0.7569506657483229,0.7376806936461974,0.34311509486056135,0.8784588565537229,0.13958118352421275,0.6688695545049463,0.9999337433823635,0.9576270862397764,0.485034627790584,0.9813617286194537,0.9776723105901071,35.25112149421448,153.4906561013143
ollama_llama8b/real-tool_cascade-011,llama,4,1.0,tool_cascade,0.9921570859795347,0.9998191650207305,0.9676393386756162,0.827603152169961,0.8784588565537229,0.873906667083522,0.38452230129194015,0.9999852141274485,0.997186625381497,0.9991660811694995,0.9804552511111432,0.9998309940597424,11462.816177613775,412.91386145958296
ollama_llama8b/real-tool_cascade-013,llama,2,,tool_cascade,0.8005009175194636,0.9990068883697154,0.3966959179082524,0.9458277628629526,0.15008489236297975,0.37938784728458674,0.8630387228470795,0.9999985491326895,0.3747135723827036,0.9993126365783894,0.7893947081638492,0.9999848393841252,0.0,0.0
ollama_llama8b/real-tool_cascade-013,llama,3,,tool_cascade,0.95700738544493,0.99769439939524,0.7595738016609239,0.4137950136084817,0.8784588565537229,0.10150475768591294,0.7605188006839839,0.9974436179176213,0.9698596116978062,0.992891192419802,0.9892777712313797,0.9948749942824928,41.02965550745806,150.25486764586174
ollama_llama8b/real-tool_cascade-013,llama,4,,tool_cascade,0.9623695514595612,0.9998191650207305,0.8233217550935427,0.972806319036506,0.8784588565537229,0.8435949956289176,0.6275129904959225,0.9996620816436039,0.9508151070386178,0.9994371043284835,0.9732598295057288,0.9994890256707932,88.71715481583848,275.39782391095696
ollama_llama8b/real-tool_cascade-017,llama,2,,tool_cascade,0.05651135372631557,0.2385787023963698,0.3966959179082524,0.9458277628629526,0.15008489236297975,0.37938784728458674,0.9455901629046041,0.9999977973532148,0.006934405583906845,0.4471306369054729,0.2691837548602766,0.9990299609729355,0.0,0.0
ollama_llama8b/real-tool_cascade-017,llama,3,,tool_cascade,0.895759976053159,0.7204104664280041,0.7419708270837033,0.4137950136084817,0.8784588565537229,0.13493053167766414,0.9833777564235108,0.999647207123316,0.910144202107931,0.42089644181352026,0.9855482017161865,0.7902610945779206,41.02965550745806,150.25486764586174
ollama_llama8b/real-tool_cascade-017,llama,4,1.0,tool_cascade,0.9932612353497323,0.9998191650207305,0.8188269818569183,0.7540274351566323,0.8784588565537229,0.873906667083522,0.9564850342068713,0.9999895849117735,0.9899764628092818,0.9995522817277395,0.9976320890284283,0.9997990702623355,88.71715481583848,275.39782391095696
ollama_llama8b/real-tool_cascade-020,llama,2,1.0,tool_cascade,0.9533021209287564,0.9999323513000342,0.4890652129813927,0.9548264252070076,0.15008489236297975,0.37938784728458674,0.9483446229669311,0.9999942679061014,0.918183570449014,0.9998439746257946,0.990744964440011,0.9999713036760849,0.0,0.0
ollama_llama8b/real-tool_cascade-020,llama,3,1.0,tool_cascade,0.9364836600044777,0.9987949013808837,0.9272376212281925,0.6300588856982403,0.3985206106712218,0.4582268355823898,0.9530059952703068,0.9999761666103046,0.9832265397643879,0.9993799576283158,0.9956379621843185,0.9998677336928828,9162.218350345578,167.91157905739766
ollama_llama8b/real-tool_cascade-020,llama,4,1.0,tool_cascade,0.9868814558111975,0.9998195682786052,0.9093276740771572,0.9276754604867594,0.8784588565537229,0.8196350086006415,0.9787025482058909,0.9999976394010248,0.9928366689230473,0.999746098168169,0.9931882616976949,0.9998299639206322,9642.690785845463,640.540572332802
ollama_llama8b/real-tool_cascade-024,llama,2,1.0,tool_cascade,0.9596539484914053,0.9999323513000342,0.4890652129813927,0.9548264252070076,0.8676937225792667,0.2786372767802786,0.9609691642089057,0.9999954139920787,0.918183570449014,0.9998439746257946,0.9928754196529084,0.9999825441633643,0.0,0.0
ollama_llama8b/real-tool_cascade-024,llama,3,1.0,tool_cascade,0.9500818613463418,0.9987949013808837,0.9272376212281925,0.7727312827282998,0.3985206106712218,0.4239135191615458,0.9606267402539191,0.9999793309125644,0.9791472296009752,0.9993799576283158,0.9957271408656116,0.9998866704510183,9175.254432954074,168.09155851802103
ollama_llama8b/real-tool_cascade-024,llama,4,1.0,tool_cascade,0.9898074356562552,0.9998195682786052,0.9035772436970857,0.9519124107190401,0.8784588565537229,0.873906667083522,0.9754255247779487,0.9999966513359765,0.9927349850653745,0.9997070426173658,0.9950257212955731,0.9997497044716774,9660.266742747588,641.3779369276435
ollama_llama8b/real-tool_cascade-027,llama,2,,tool_cascade,0.037539007387411026,0.14032901022099434,0.625638332060373,0.4819312200869646,0.4895232201477896,0.20636998903657433,0.3331808578553897,0.6954898146905177,0.027245244709282777,0.08497134782427235,0.11006650618853296,0.17138411239551046,0.0,0.0
ollama_llama8b/real-tool_cascade-027,llama,3,1.0,tool_cascade,0.9833737445152082,0.3799345465712068,0.7856381565869184,0.6936972511549047,0.4895232201477896,0.20636998903657433,0.7554394273780746,0.2930237242353031,0.9649803073279446,0.16515062952289936,0.961849005300649,0.4792217839154741,7.407326144008403,162.96960058897872
ollama_llama8b/real-tool_cascade-027,llama,4,1.0,tool_cascade,0.9726614323404174,0.5284822985488902,0.9775452428256407,0.9021136106692155,0.9755308621255123,0.25604858706602374,0.3977866503070246,0.6283808760290391,0.9818371106399669,0.881932583430546,0.9819699562372368,0.8984540910505808,10595.573796325232,338.37143278789875
ollama_llama8b/real-tool_cascade-028,llama,2,,tool_cascade,0.037539007387411026,0.193996374254617,0.6093466069666941,0.8446328297651006,0.962199895642275,0.2786372767802786,0.12367745139245076,0.8349052302634589,0.019948881217586794,0.10002278141794908,0.09571532199034516,0.82750239047603,0.0,0.0
ollama_llama8b/real-tool_cascade-028,llama,3,1.0,tool_cascade,0.9833737445152082,0.5338054399427902,0.5960684147551253,0.5401817919570817,0.962199895642275,0.2597305541417514,0.5171210270061987,0.8157412729625366,0.9697606495899848,0.4185210045573022,0.9716503881842744,0.8850513961794374,6.499457579578091,163.96414201431313
ollama_llama8b/real-tool_cascade-028,llama,4,1.0,tool_cascade,0.9839264926619047,0.40984864374990465,0.8525510801582514,0.8658774293675384,0.9626820029737977,0.2390530140961539,0.5373601693538439,0.9828333915291311,0.9656535593248599,0.7010376435966894,0.9728258477972925,0.9667345981861705,13106.923417333368,384.92032465855056
ollama_llama8b/real-tool_cascade-031,llama,2,1.0,tool_cascade,0.9596539484914053,0.9999323513000342,0.4890652129813927,0.9548264252070076,0.8676937225792667,0.2859404802799176,0.9609691642089057,0.9999954139920787,0.918183570449014,0.9998439746257946,0.9928754196529084,0.9999825441633643,0.0,0.0
ollama_llama8b/real-tool_cascade-031,llama,3,1.0,tool_cascade,0.9500818613463418,0.9987949013808837,0.5075984930612071,0.8960969480044412,0.8399418348338714,0.29230319583438635,0.9606267402539191,0.9999793309125644,0.9258620661700341,0.9994234313941103,0.9914888717133511,0.999903004510877,45.53203820587048,107.89721879982689
ollama_llama8b/real-tool_cascade-031,llama,4,1.0,tool_cascade,0.9898074356562552,0.9998195682786052,0.6584289521804211,0.9988844511941567,0.8784588565537229,0.8591232027878539,0.9754255247779487,0.9999966513359765,0.9683706854353203,0.9998322308246166,0.9956883260796414,0.9998080378922465,101.24142792461834,270.2666249819879
ollama_llama8b/real-tool_cascade-035,llama,2,,tool_cascade,0.037539007387411026,0.193996374254617,0.6411482333591415,0.8431348202862475,0.4895232201477896,0.3499501493619708,0.12367745139245076,0.8349052302634589,0.019948881217586794,0.08846096318645225,0.06370482298741782,0.82750239047603,0.0,0.0
ollama_llama8b/real-tool_cascade-035,llama,3,1.0,tool_cascade,0.9833737445152082,0.5338054399427902,0.6282915906043693,0.5282661015369184,0.4895232201477896,0.3365226134538805,0.5171210270061987,0.8157412729625366,0.9697606495899848,0.4085043639530399,0.9565814029034494,0.8850513961794374,6.499457579578091,163.96414201431313
ollama_llama8b/real-tool_cascade-035,llama,4,1.0,tool_cascade,0.9839264926619047,0.40984864374990465,0.911264319390976,0.9585017662065826,0.4881030743132764,0.2491393129036302,0.5373601693538439,0.9828333915291311,0.9908266181922282,0.7162311624375371,0.959693470667896,0.9744748707093002,106.35330142712803,231.69059722442532
ollama_llama8b/real-tool_cascade-036,llama,2,,tool_cascade,0.037539007387411026,0.14032901022099434,0.5180049768681032,0.6748963542371946,0.4895232201477896,0.2412576710595795,0.31301609093781674,0.25905995859066494,0.02497675814239103,0.10870877853896388,0.08841047845524141,0.07760507502387085,0.0,0.0
ollama_llama8b/real-tool_cascade-036,llama,3,1.0,tool_cascade,0.9833737445152082,0.32292604963592186,0.622979941519654,0.44004598732614714,0.4895232201477896,0.17466645348377266,0.5375038225297972,0.5987083829501262,0.9662634995883798,0.12092663301117891,0.9235766078177777,0.5525204251212708,7.279737036039495,163.4888350543445
ollama_llama8b/real-tool_cascade-036,llama,4,1.0,tool_cascade,0.9839264926619047,0.2975844300749249,0.8345531074992294,0.18227296217217967,0.4881030743132764,0.1616071730807812,0.5053641091571934,0.28794084956256627,0.9794082509808991,0.29754419467217946,0.9822036352198434,0.1558007311554552,11633.673639206238,361.47858754287535
ollama_llama8b/real-tool_cascade-037,llama,2,,tool_cascade,0.05651135372631557,0.2385787023963698,0.49625056675146967,0.9650796129405973,0.18609135941053026,0.34550875209031995,0.9392749909159881,0.9999909288117504,0.006847049848642327,0.7544330993227975,0.07578315105669065,0.9981130674533966,0.0,0.0
ollama_llama8b/real-tool_cascade-037,llama,3,,tool_cascade,0.895759976053159,0.7204104664280041,0.7661823266987017,0.34311509486056135,0.8784588565537229,0.10150475768591294,0.958332124819974,0.999650522193624,0.910144202107931,0.42903301639552327,0.9757434342540352,0.8810017451888589,35.25112149421448,153.4906561013143
ollama_llama8b/real-tool_cascade-037,llama,4,,tool_cascade,0.9932612353497323,0.9998191650207305,0.6402825465256613,0.9002588820870033,0.8784588565537229,0.8435949956289176,0.8173707201882131,0.9999508709007443,0.9901800622831012,0.9989570519495735,0.9918914001888903,0.9985420901400143,89.12098131031931,281.558430895784
ollama_llama8b/real-tool_cascade-039,llama,2,,tool_cascade,0.774968493351612,0.9990068883697154,0.4890652129813927,0.9548264252070076,0.15008489236297975,0.37938784728458674,0.46087636674212484,0.9999946189185795,0.3747135723827036,0.9993111126448009,0.6892501256409252,0.9999754496307998,0.0,0.0
ollama_llama8b/real-tool_cascade-039,llama,3,1.0,tool_cascade,0.9451869236951257,0.99769439939524,0.7043290478359985,0.3425690162434716,0.8784588565537229,0.16002667323913378,0.5517841433565577,0.999712259051958,0.9646061674555072,0.9929032345412674,0.9691468757341735,0.9948473226268613,40.66195030947491,150.1990033091299
ollama_llama8b/real-tool_cascade-039,llama,4,1.0,tool_cascade,0.9605934971541146,0.996766061522016,0.9708091224947967,0.3561093986179612,0.6666185485967777,0.12192366446361098,0.6806738532421139,0.9999457694857331,0.9875820215990367,0.9907422776962092,0.9809417166767609,0.9914257229361146,11095.84678072335,332.3195821464436
ollama_llama8b/real-tool_cascade-041,llama,2,,tool_cascade,0.037539007387411026,0.14032901022099434,0.5198802185040827,0.2807125425605309,0.8676937225792667,0.2600618911611644,0.3331808578553897,0.6954898146905177,0.027245244709282777,0.08139715509986084,0.1459959972846354,0.158163834639329,0.0,0.0
ollama_llama8b/real-tool_cascade-041,llama,3,1.0,tool_cascade,0.9833737445152082,0.3799345465712068,0.7036716262186692,0.46702121557322296,0.962199895642275,0.2742257597427912,0.7554394273780746,0.2930237242353031,0.9649803073279446,0.15637386108500756,0.9802217841940797,0.4553032949092315,7.407326144008403,131.4233643670301
ollama_llama8b/real-tool_cascade-041,llama,4,1.0,tool_cascade,0.9726614323404174,0.5284822985488902,0.6859873283316724,0.9211917673729705,0.962199895642275,0.5034408487346648,0.3977866503070246,0.6283808760290391,0.8776739716061859,0.8667002551273385,0.9468020967622146,0.8984540910505808,18.494456400517755,201.2361154911332
ollama_llama8b/real-tool_cascade-044,llama,2,,tool_cascade,0.05651135372631557,0.2385787023963698,0.5301600231409207,0.9679402730905265,0.15008489236297975,0.37938784728458674,0.9392749909159881,0.9999909288117504,0.006847049848642327,0.7690407687879796,0.11635313350695897,0.9981068481546397,0.0,0.0
ollama_llama8b/real-tool_cascade-044,llama,3,,tool_cascade,0.895759976053159,0.7204104664280041,0.7661823266987017,0.36314305242870076,0.8784588565537229,0.10150475768591294,0.958332124819974,0.999650522193624,0.910144202107931,0.42903301639552327,0.9757434342540352,0.8810017451888589,35.25112149421448,153.4906561013143
ollama_llama8b/real-tool_cascade-044,llama,4,1.0,tool_cascade,0.9932612353497323,0.9998191650207305,0.6934527355778156,0.9966322124751515,0.8784588565537229,0.8435949956289176,0.8418010250099797,0.9999869613745631,0.9901800622831012,0.9995408296336382,0.9896931153280879,0.9991957472639809,89.12098131031931,281.558430895784
ollama_llama8b/real-tool_cascade-046,llama,2,,tool_cascade,0.774968493351612,0.9990068883697154,0.4552374484778442,0.9495703908565992,0.15008489236297975,0.37938784728458674,0.46087636674212484,0.9999946189185795,0.3747135723827036,0.9992534029572249,0.6892501256409252,0.9999754496307998,0.0,0.0
ollama_llama8b/real-tool_cascade-046,llama,3,1.0,tool_cascade,0.9451869236951257,0.99769439939524,0.7043290478359985,0.34739053912268036,0.8784588565537229,0.11590769263416967,0.5517841433565577,0.999712259051958,0.9646061674555072,0.9929032345412674,0.9691468757341735,0.9948473226268613,40.66195030947491,150.1990033091299
ollama_llama8b/real-tool_cascade-046,llama,4,1.0,tool_cascade,0.9605934971541146,0.996766061522016,0.7090190904584974,0.5688459176727283,0.6666185485967777,0.13552157388488964,0.6806738532421139,0.9999457694857331,0.9806441831924135,0.9915512678631978,0.9906190867988903,0.9935210802400025,66.19280880628713,206.99804446222151
ollama_llama8b/real-tool_cascade-051,llama,2,,tool_cascade,0.05651135372631557,0.2385787023963698,0.5301600231409207,0.9679402730905265,0.962199895642275,0.2786372767802786,0.9392749909159881,0.9999909288117504,0.006847049848642327,0.7690407687879796,0.19641211808046843,0.9979327627788847,0.0,0.0
ollama_llama8b/real-tool_cascade-051,llama,3,1.0,tool_cascade,0.895759976053159,0.7204104664280041,0.7661823266987017,0.36314305242870076,0.8784588565537229,0.13958118352421275,0.9565758133841951,0.9999805644809274,0.910144202107931,0.42903301639552327,0.9717053088355632,0.9367558009450822,35.25112149421448,153.4906561013143
ollama_llama8b/real-tool_cascade-051,llama,4,1.0,tool_cascade,0.9932612353497323,0.9998191650207305,0.968854554655774,0.8292891363342142,0.8784588565537229,0.873906667083522,0.8101593391927255,0.9999909756514783,0.9964050777699093,0.9991660811694995,0.9852693200866584,0.9985499492963326,11354.900172711958,411.38180579949426
ollama_llama8b/real-tool_cascade-053,llama,2,,tool_cascade,0.774968493351612,0.9990068883697154,0.4552374484778442,0.9495703908565992,0.15008489236297975,0.37938784728458674,0.46087636674212484,0.9999946189185795,0.3747135723827036,0.9992534029572249,0.6892501256409252,0.9999754496307998,0.0,0.0
ollama_llama8b/real-tool_cascade-053,llama,3,1.0,tool_cascade,0.9451869236951257,0.99769439939524,0.7043290478359985,0.34739053912268036,0.8784588565537229,0.12893317193383533,0.5517841433565577,0.999712259051958,0.9646061674555072,0.9929032345412674,0.9691468757341735,0.9948473226268613,40.66195030947491,150.1990033091299
ollama_llama8b/real-tool_cascade-053,llama,4,1.0,tool_cascade,0.9605934971541146,0.996766061522016,0.7559026058275071,0.9856049996795592,0.6666185485967777,0.15566595861671453,0.6806738532421139,0.9999457694857331,0.9806441831924135,0.9977052800531236,0.9906190867988903,0.9935210802400025,66.19280880628713,206.99804446222151
ollama_llama8b/real-tool_cascade-054,llama,2,1.0,tool_cascade,0.992176412934864,0.9995579087432216,0.4621766211454571,0.6782034753562547,0.4895232201477896,0.22569802923274576,0.5995895238233849,0.6701909466224185,0.9865416630605355,0.9978784030266097,0.9731742763069196,0.9610166855769248,0.0,0.0
ollama_llama8b/real-tool_cascade-054,llama,3,1.0,tool_cascade,0.9721333882291728,0.26245912023757345,0.9390832056882412,0.2818435170768715,0.9755308621255123,0.3393236618258877,0.44203159153013755,0.6214015551264095,0.9947290297407733,0.3147732705643599,0.9931965171527796,0.15403727176885945,10014.690066804162,188.44815416162055
ollama_llama8b/real-tool_cascade-054,llama,4,1.0,tool_cascade,0.9606818611040706,0.30507125299854365,0.8565895238192184,0.2524710633316193,0.9626820029737977,0.24008172040637357,0.6414617313256042,0.5766634724846872,0.9631003960709145,0.310666016558123,0.9824390425477348,0.20504541372326662,10619.118558399983,321.70878528086837
ollama_llama8b/real-tool_cascade-058,llama,2,,tool_cascade,0.037539007387411026,0.09185265103779176,0.779758262612549,0.4792164092838628,0.4895232201477896,0.22569802923274576,0.2138086673332924,0.3958934185060685,0.01869721240507697,0.07228379213998122,0.08239116165044118,0.09299775096694303,0.0,0.0
ollama_llama8b/real-tool_cascade-058,llama,3,1.0,tool_cascade,0.9833737445152082,0.32292604963592186,0.7026590954791934,0.8076248322304901,0.4895232201477896,0.2636697552110766,0.6643914301526479,0.6985082722650888,0.9755587121701149,0.20485610945395982,0.9271650214332168,0.3325094816515363,11.690759010690545,170.9297954980994
ollama_llama8b/real-tool_cascade-058,llama,4,1.0,tool_cascade,0.9839264926619047,0.30469624011330126,0.9631570994922248,0.28956299534185526,0.4881030743132764,0.15835169523425735,0.834450120831593,0.929071227178844,0.9923401355736391,0.2977497459945307,0.9739027525306965,0.6360601680695486,10974.641761045194,361.4047627477558
ollama_llama8b/real-looping-001,llama,2,,looping,0.05651135372631557,0.2385787023963698,0.48709040413134097,0.9571438380571272,0.15008489236297975,0.37938784728458674,0.8312225548076494,0.999997438127366,0.006793122415634819,0.46331224989549596,0.0936200379162585,0.9989739179196111,0.0,0.0
ollama_llama8b/real-looping-001,llama,3,1.0,looping,0.9941017890630104,0.9863448691754678,0.6755471899420378,0.4265116474245689,0.8784588565537229,0.10150475768591294,0.9600805343895007,0.9998656219609887,0.9954590738244522,0.9306381443674816,0.9950558126658605,0.9968527038096153,40.813234238933795,150.3876323242982
ollama_llama8b/real-looping-001,llama,4,1.0,looping,0.9955439557342165,0.9999386929406135,0.9734756265166312,0.6517029759978252,0.8784588565537229,0.873906667083522,0.8401040147665974,0.9999760463672182,0.9966384422399007,0.9995353703718887,0.9942454110773342,0.9996207548583612,11181.121639776324,402.0297560980054
ollama_llama8b/real-looping-002,llama,2,,looping,0.03689363868239793,0.1308557851528342,0.803889722078919,0.5713119894225506,0.4895232201477896,0.2412576710595795,0.36709822819433413,0.1576758431297193,0.026074747883126585,0.09637034210581669,0.19311375937069936,0.06189978273137229,0.0,0.0
ollama_llama8b/real-looping-002,llama,3,1.0,looping,0.9988331809376256,0.9473677540287584,0.6843367886096898,0.5183826651989726,0.4895232201477896,0.17466645348377266,0.771856336599922,0.4777837455631499,0.9990731630876508,0.8243245627932098,0.9897129294217863,0.7491323385938464,10.79494734935259,163.62184936633724
ollama_llama8b/real-looping-002,llama,4,1.0,looping,0.9930584531853196,0.990131338670577,0.9752818422752365,0.7381061346747051,0.9755308621255123,0.3090294346903802,0.787622444300583,0.30697152127617655,0.9975578297124191,0.9880494751077887,0.9977933195324808,0.9212441383781144,10470.695854444768,396.3428093632526
ollama_llama8b/real-looping-007,llama,2,1.0,looping,0.9872768467581373,0.9999323513000342,0.48709040413134097,0.9571438380571272,0.8676937225792667,0.2786372767802786,0.9783478069492234,0.999996506887871,0.9885050466953359,0.999859557275579,0.9975502039874694,0.9999703877248436,0.0,0.0
ollama_llama8b/real-looping-007,llama,3,1.0,looping,0.9498559080529599,0.9991279042395266,0.9299814737109987,0.6477110247225948,0.9008850632242883,0.2207478679514783,0.9778187780222021,0.9999181428224371,0.9845532523174412,0.9976862736515429,0.9954791005862098,0.9991323986933813,9567.851577331276,208.00824247402028
ollama_llama8b/real-looping-010,llama,2,1.0,looping,0.9872768467581373,0.9999323513000342,0.48709040413134097,0.9571438380571272,0.18609135941053026,0.34550875209031995,0.9214220715165092,0.9999971037607576,0.9885050466953359,0.999859557275579,0.9942114392297097,0.9999588038178787,0.0,0.0
ollama_llama8b/real-looping-010,llama,3,1.0,looping,0.9920833914593572,0.9998849054942853,0.9387495829597817,0.7471926687704508,0.06492591653676932,0.6059586246657159,0.9762600840913288,0.9999725935362905,0.9971757207887123,0.9998676585163928,0.9983365387483414,0.9998739946597587,9101.78434965885,167.22814530038806
ollama_llama8b/real-looping-010,llama,4,1.0,looping,0.9969876925897467,0.9997983257013197,0.8989897355953527,0.9417723805057243,0.15243041689501075,0.9392921950209308,0.9782554774647095,0.9999925073283932,0.9974049062984204,0.9999287527272845,0.9981062242400894,0.9999073895575031,9548.034026774003,637.936849396966
ollama_llama8b/real-looping-011,llama,2,1.0,looping,0.9872768467581373,0.9999323513000342,0.4877800307443333,0.9493053473204937,0.18609135941053026,0.34550875209031995,0.9554294136812022,0.9999979328531637,0.988738193780368,0.9998339370881414,0.9952785591110793,0.9999798985160714,0.0,0.0
ollama_llama8b/real-looping-011,llama,3,1.0,looping,0.9920833914593572,0.9998849054942853,0.9465533830741636,0.7390550927497258,0.8484159197103313,0.2880321196730057,0.9611954005943254,0.9999773098467969,0.9973144445281987,0.9998939119388178,0.9969886643949124,0.9999192867630283,9228.174909165558,172.133155754366
ollama_llama8b/real-looping-011,llama,4,1.0,looping,0.9969876925897467,0.9997983257013197,0.911381052906306,0.9767268751512276,0.8784588565537229,0.9128194314792276,0.9848283076078135,0.9999907214322054,0.9974580056394903,0.9999331807385281,0.9982254400258672,0.9998486951763043,9681.000349335649,649.5394148009548
ollama_llama8b/real-looping-013,llama,2,1.0,looping,0.9872768467581373,0.9999323513000342,0.4890652129813927,0.9548264252070076,0.8676937225792667,0.2786372767802786,0.9605921299138053,0.9999968413389444,0.988738193780368,0.9998439746257946,0.9971059535685164,0.9999390310672219,0.0,0.0
ollama_llama8b/real-looping-013,llama,3,1.0,looping,0.9825993169801431,0.9998849054942853,0.9380474302597721,0.7640363858112423,0.3985206106712218,0.4239135191615458,0.9632901534219441,0.9999710887629543,0.9972897307302239,0.9998939119388178,0.998403823088642,0.9998623853943229,9132.940286052748,167.5074665546457
ollama_llama8b/real-looping-013,llama,4,1.0,looping,0.9936982081144944,0.9997983257013197,0.8978813721561529,0.9798084155986199,0.12224391041120611,0.9001563111444972,0.9856898597652441,0.9999925073283932,0.9948552390591079,0.9999331807385281,0.9987359895180896,0.9998983098189544,9572.137116600079,639.4026500887439
ollama_llama8b/real-looping-017,llama,2,,looping,0.05651135372631557,0.2385787023963698,0.4552374484778442,0.9458277628629526,0.6102083076368787,0.6532532995218552,0.9455901629046041,0.9999977973532148,0.006934405583906845,0.43122739335337146,0.18657645213396712,0.9986547779239906,0.0,0.0
ollama_llama8b/real-looping-017,llama,3,1.0,looping,0.9941017890630104,0.9863448691754678,0.6639020711167725,0.4137950136084817,0.8784588565537229,0.10793944794186495,0.9941399530815451,0.9999454447417008,0.9955518101268321,0.922586490844365,0.9987593650259714,0.9777483721420268,41.02965550745806,150.25486764586174
ollama_llama8b/real-looping-017,llama,4,1.0,looping,0.9955439557342165,0.9999386929406135,0.9691087460023001,0.8443130997437294,0.8784588565537229,0.873906667083522,0.9889248777331835,0.9999623959704215,0.9978472458152416,0.9995706678945514,0.9991643123778622,0.9993407368010607,11082.973425435253,400.2378421566331
ollama_llama8b/real-looping-020,llama,2,,looping,0.8005009175194636,0.9990068883697154,0.4890652129813927,0.9548264252070076,0.15008489236297975,0.37938784728458674,0.8630387228470795,0.9999985491326895,0.3747135723827036,0.9993111126448009,0.7893947081638492,0.9999848393841252,0.0,0.0
ollama_llama8b/real-looping-020,llama,3,1.0,looping,0.9941017890630104,0.9998131319043525,0.7595738016609239,0.4359591292489469,0.8784588565537229,0.12893317193383533,0.9310709168781357,0.9998163892444897,0.9955518101268321,0.9991696229121758,0.9971788264480489,0.9996571579412845,41.02965550745806,150.25486764586174
ollama_llama8b/real-looping-020,llama,4,1.0,looping,0.9955439557342165,0.9999386929406135,0.976787113389664,0.847735707909617,0.8784588565537229,0.873906667083522,0.9397435608316208,0.9999800157353665,0.9967933649091467,0.9995706678945514,0.9915326929236782,0.9991814938694237,11241.35422136939,402.6922532757246
ollama_llama8b/real-looping-024,llama,2,1.0,looping,0.9872768467581373,0.9999323513000342,0.4890652129813927,0.9548264252070076,0.8676937225792667,0.2786372767802786,0.9658136966819183,0.9999975139746793,0.988738193780368,0.9998439746257946,0.9972903718759176,0.9999703877248436,0.0,0.0
ollama_llama8b/real-looping-024,llama,3,1.0,looping,0.9920833914593572,0.9998849054942853,0.9380474302597721,0.7727312827282998,0.3985206106712218,0.4239135191615458,0.9858586600269476,0.9999753994375726,0.9973144445281987,0.9998939119388178,0.99885843832656,0.9998514426036369,9134.131923256069,167.5239112885492
ollama_llama8b/real-looping-024,llama,4,1.0,looping,0.98813378537575,0.9996445233980196,0.747764715592683,0.16402764408733994,0.42363283557654646,0.283086987075128,0.9942365969890786,0.9999954841460124,0.9929819623110895,0.9975926158865621,0.9956041275764755,0.9999486322700868,9753.478177348474,252.32358320314302
ollama_llama8b/real-looping-027,llama,2,,looping,0.037539007387411026,0.14032901022099434,0.6798909177796478,0.48992662092151484,0.4895232201477896,0.20636998903657433,0.3331808578553897,0.6954898146905177,0.027245244709282777,0.07912924180353331,0.11006650618853296,0.17138411239551046,0.0,0.0
ollama_llama8b/real-looping-027,llama,3,1.0,looping,0.9988331809376256,0.9633040374811774,0.8076194650766519,0.7046106897125101,0.4895232201477896,0.20636998903657433,0.7199081358744944,0.5674324184020128,0.998111949929225,0.808401907105031,0.9813448117381897,0.8727871703364104,7.407326144008403,162.96960058897872
ollama_llama8b/real-looping-027,llama,4,1.0,looping,0.9951606328188948,0.6797750320116788,0.9316678248450971,0.27821194672702015,0.4881030743132764,0.19413642365198142,0.6306489205619643,0.7770440281392759,0.9943302090197802,0.6501637143504806,0.9935276125433801,0.8464066000364703,11218.561542804673,355.18009230529367
ollama_llama8b/real-looping-028,llama,2,,looping,0.037539007387411026,0.193996374254617,0.6093466069666941,0.8482267879350058,0.962199895642275,0.2786372767802786,0.12367745139245076,0.8349052302634589,0.019948881217586794,0.09184863447872012,0.09571532199034516,0.82750239047603,0.0,0.0
ollama_llama8b/real-looping-028,llama,3,1.0,looping,0.9988331809376256,0.975723094210183,0.6823548868581579,0.5938368450152515,0.962199895642275,0.2597305541417514,0.6484231229171334,0.7295244895366823,0.9983195633546451,0.9237352895166819,0.992240173457473,0.9045353302710378,6.499457579578091,163.96414201431313
ollama_llama8b/real-looping-028,llama,4,1.0,looping,0.9951606328188948,0.9394191842902471,0.9741751351040328,0.1801660383868066,0.9626820029737977,0.2390530140961539,0.42667568790048943,0.8319649122120104,0.9969273817666991,0.8330602259021079,0.9948061510729747,0.9553371179430744,10805.667891619902,346.74051597208063
ollama_llama8b/real-looping-029,llama,2,1.0,looping,0.9975887735639296,0.9990819604157436,0.35396476516204606,0.4448582156307852,0.18609135941053026,0.16565615049972976,0.7780439631844012,0.9590809392318532,0.9977132293729422,0.9972294539539206,0.9881189561209124,0.9970929490407994,0.0,0.0
ollama_llama8b/real-looping-029,llama,3,1.0,looping,0.9933899578610905,0.9998996741251348,0.9147040110770637,0.25763952728859013,0.3985206106712218,0.3393236618258877,0.7568506325005567,0.9179782987496692,0.9967537132472,0.9994589378136639,0.9952951600376322,0.999783996206512,9879.952158304975,124.51673328577915
ollama_llama8b/real-looping-029,llama,4,1.0,looping,0.9829027840508886,0.9991016890978865,0.8124171731293267,0.8107415669249732,0.39743585907569134,0.28290474008625477,0.731661728310902,0.4559268171831117,0.9859967939773698,0.9976627926142766,0.9860288493408089,0.9897800620207666,10704.35424039727,190.98411174016076
ollama_llama8b/real-looping-031,llama,2,1.0,looping,0.9872768467581373,0.9999323513000342,0.4552374484778442,0.9495703908565992,0.15008489236297975,0.37938784728458674,0.9658136966819183,0.9999975139746793,0.988738193780368,0.9998339370881414,0.9972903718759176,0.9999703877248436,0.0,0.0
ollama_llama8b/real-looping-031,llama,3,1.0,looping,0.9920833914593572,0.9998849054942853,0.41456900558838006,0.8946749299618307,0.15008489236297975,0.3311678723122975,0.9858586600269476,0.9999753994375726,0.9918684489134628,0.9999125859786218,0.9982244514997952,0.9998705721370252,45.53203820587048,100.47318486870776
ollama_llama8b/real-looping-031,llama,4,1.0,looping,0.98813378537575,0.9996445233980196,0.6140252708695929,0.33703940660155335,0.33749317906335896,0.23040350176029395,0.9942365969890786,0.9999954841460124,0.974811636858335,0.9973404757515456,0.998346794046934,0.9999595858810282,151.26073241209713,291.79706228299534
ollama_llama8b/real-looping-034,llama,2,,looping,0.037539007387411026,0.14032901022099434,0.6798909177796478,0.48992662092151484,0.4895232201477896,0.20636998903657433,0.3331808578553897,0.6954898146905177,0.027245244709282777,0.07912924180353331,0.11006650618853296,0.17138411239551046,0.0,0.0
ollama_llama8b/real-looping-034,llama,3,1.0,looping,0.9988331809376256,0.9633040374811774,0.8076194650766519,0.7046106897125101,0.4895232201477896,0.20636998903657433,0.7199081358744944,0.5674324184020128,0.998111949929225,0.808401907105031,0.9813448117381897,0.8727871703364104,7.407326144008403,162.96960058897872
ollama_llama8b/real-looping-034,llama,4,1.0,looping,0.9951606328188948,0.6797750320116788,0.7603162228320525,0.6322576796997829,0.4881030743132764,0.19413642365198142,0.6306489205619643,0.7770440281392759,0.9968098866659079,0.5337067689917387,0.983213715180698,0.8834258897968252,54.98336790889337,232.0718637952683
ollama_llama8b/real-looping-035,llama,2,1.0,looping,0.9975887735639296,0.9999184639911379,0.6093466069666941,0.8482267879350058,0.4895232201477896,0.3499501493619708,0.642510318527899,0.9892980355524619,0.9967522136216918,0.9995135369149857,0.988256706934856,0.9996167480895233,0.0,0.0
ollama_llama8b/real-looping-035,llama,3,1.0,looping,0.9917417059482425,0.9999097969588744,0.9651666391999769,0.2898165206437645,0.9755308621255123,0.32248289159316784,0.7041779387916711,0.7879338815513062,0.9964641147571779,0.9998329418711721,0.9967895584261546,0.9987918143986418,9970.414109158497,162.84510797486902
ollama_llama8b/real-looping-035,llama,4,1.0,looping,0.9938401675670816,0.9998002689527931,0.9426472692277147,0.8083631299767148,0.9421464598066246,0.28933041357520645,0.6629028176156255,0.9713800038854943,0.9975902633727708,0.9998512214467692,0.9967945032063634,0.9984293978333502,10483.716385032449,644.7351964214106
ollama_llama8b/real-looping-036,llama,2,1.0,looping,0.9975887735639296,0.9990819604157436,0.5180049768681032,0.6688005863783062,0.4895232201477896,0.2412576710595795,0.7780439631844012,0.9590809392318532,0.9977132293729422,0.9973017806170419,0.9836517914111815,0.9984592683306852,0.0,0.0
ollama_llama8b/real-looping-036,llama,3,1.0,looping,0.9933899578610905,0.9998996741251348,0.5428655285283633,0.4750368640198105,0.4895232201477896,0.17466645348377266,0.7568506325005567,0.9179782987496692,0.9891323598356544,0.99922168548344,0.9857692941827647,0.999832614358495,23.17511788309856,94.4657010542048
ollama_llama8b/real-looping-036,llama,4,1.0,looping,0.9829027840508886,0.9991016890978865,0.629879632445513,0.9354774441763354,0.4881030743132764,0.1616071730807812,0.731661728310902,0.4559268171831117,0.9658854542741386,0.9972186542205516,0.9797165480537925,0.9922013190481266,95.64239913177745,269.1532696499344
ollama_llama8b/real-looping-037,llama,2,1.0,looping,0.9872768467581373,0.9999323513000342,0.5301600231409207,0.9679402730905265,0.15008489236297975,0.37938784728458674,0.9619891892412538,0.9999971037607576,0.9889801499123048,0.9999414601375796,0.9968027140574176,0.9999573889569856,0.0,0.0
ollama_llama8b/real-looping-037,llama,3,1.0,looping,0.9920833914593572,0.9998849054942853,0.9482422401164963,0.7633905890997803,0.06492591653676932,0.5171435896015186,0.9682016161371529,0.9999723062555237,0.9973726324146249,0.999901409999259,0.9976189981410084,0.9998739946597587,9252.98566034682,172.477849980068
ollama_llama8b/real-looping-037,llama,4,1.0,looping,0.9969876925897467,0.9997983257013197,0.9140804350492089,0.9767268751512276,0.15243041689501075,0.9392921950209308,0.9848749512095526,0.999992637578066,0.9975130907461209,0.9999331807385281,0.9982254400258672,0.9998662885576747,9701.58265836763,650.9152442442752
ollama_llama8b/real-looping-039,llama,2,,looping,0.774968493351612,0.9990068883697154,0.4890652129813927,0.9548264252070076,0.15008489236297975,0.37938784728458674,0.46087636674212484,0.9999946189185795,0.3747135723827036,0.9993111126448009,0.6892501256409252,0.9999754496307998,0.0,0.0
ollama_llama8b/real-looping-039,llama,3,1.0,looping,0.9941017890630104,0.9998131319043525,0.7043290478359985,0.3425690162434716,0.8784588565537229,0.10150475768591294,0.6428690931525745,0.9998901788037651,0.9962091758426159,0.9991696229121758,0.9930880999342604,0.9995328646344278,40.66195030947491,150.1990033091299
ollama_llama8b/real-looping-039,llama,4,1.0,looping,0.9852451679695668,0.9999462955462228,0.9382595289921132,0.8625095409775664,0.8784588565537229,0.873906667083522,0.7683399051810631,0.9999453895949657,0.9956436434263521,0.9995218832614553,0.9953713309767911,0.9985067589711681,11023.676816186024,393.69075645560997
ollama_llama8b/real-looping-041,llama,2,1.0,looping,0.9975887735639296,0.9993875931363796,0.6798909177796478,0.4819312200869646,0.4895232201477896,0.20636998903657433,0.6024688455674965,0.9713087692721406,0.9970190653543637,0.997375607884518,0.9869176216651478,0.9967546864464315,0.0,0.0
ollama_llama8b/real-looping-041,llama,3,1.0,looping,0.9933899578610905,0.9998996741251348,0.9875022980201427,0.23757321560341388,0.962199895642275,0.34430692446363076,0.755833570604996,0.8596619411970717,0.9965035954675435,0.9997780961935889,0.9975902297487311,0.9991118115834173,9948.236528337862,157.70697967052135
ollama_llama8b/real-looping-041,llama,4,1.0,looping,0.9829027840508886,0.9991016890978865,0.9379665503420059,0.21013879677328942,0.9626820029737977,0.3060120276279197,0.48062343963964127,0.796599668892238,0.9920949752602314,0.9961986653580452,0.9950279635780916,0.9983623678910707,10558.747352177394,241.7247874756767
ollama_llama8b/real-looping-042,llama,2,,looping,0.037539007387411026,0.193996374254617,0.6093466069666941,0.8446328297651006,0.4895232201477896,0.3499501493619708,0.12367745139245076,0.8349052302634589,0.019948881217586794,0.10002278141794908,0.06370482298741782,0.82750239047603,0.0,0.0
ollama_llama8b/real-looping-042,llama,3,1.0,looping,0.9988331809376256,0.975723094210183,0.6522242066050159,0.5401817919570817,0.4895232201477896,0.3365226134538805,0.6484231229171334,0.7295244895366823,0.9983195633546451,0.9301186186343137,0.9879801187390522,0.9237866923693097,6.499457579578091,163.96414201431313
ollama_llama8b/real-looping-042,llama,4,1.0,looping,0.9951606328188948,0.9394191842902471,0.7751585253748923,0.9553188187936736,0.4881030743132764,0.2491393129036302,0.42667568790048943,0.8319649122120104,0.9967253763264452,0.9378208779480425,0.9771496544009365,0.9650691452805132,44.38493625555829,228.23346554089522
ollama_llama8b/real-looping-043,llama,2,1.0,looping,0.9975887735639296,0.9990819604157436,0.5180049768681032,0.6748963542371946,0.4895232201477896,0.2412576710595795,0.7780439631844012,0.9590809392318532,0.9977132293729422,0.9973017806170419,0.9836517914111815,0.9984592683306852,0.0,0.0
ollama_llama8b/real-looping-043,llama,3,1.0,looping,0.9933899578610905,0.9998996741251348,0.5763161378349996,0.5208127647187774,0.4895232201477896,0.17466645348377266,0.7568506325005567,0.9179782987496692,0.9891323598356544,0.99922168548344,0.9857692941827647,0.999832614358495,23.17511788309856,94.4657010542048
ollama_llama8b/real-looping-043,llama,4,1.0,looping,0.9829027840508886,0.9991016890978865,0.6609398281977333,0.9371264094793882,0.4881030743132764,0.1616071730807812,0.731661728310902,0.4559268171831117,0.9658854542741386,0.9972186542205516,0.9797165480537925,0.9922013190481266,95.64239913177745,269.1532696499344
ollama_llama8b/real-looping-044,llama,2,,looping,0.05651135372631557,0.2385787023963698,0.49625056675146967,0.9650796129405973,0.8676937225792667,0.2786372767802786,0.9392749909159881,0.9999909288117504,0.006847049848642327,0.7577796294427634,0.19641211808046843,0.9981068481546397,0.0,0.0
ollama_llama8b/real-looping-044,llama,3,1.0,looping,0.9941017890630104,0.9863448691754678,0.740984880510736,0.3349320312685904,0.8784588565537229,0.12048859897943628,0.9714945871577929,0.9999747087099623,0.9963590026117092,0.9178468675105473,0.9967822435938214,0.9877153130152617,35.25112149421448,153.4906561013143
ollama_llama8b/real-looping-044,llama,4,1.0,looping,0.9955439557342165,0.9999386929406135,0.9634276624893182,0.8227579016508294,0.8784588565537229,0.873906667083522,0.9322033714216555,0.9999897759029368,0.9969407226566689,0.9995445452078293,0.9934472041356784,0.9994082901978194,11326.767887284837,410.70046676414063
ollama_llama8b/real-looping-046,llama,2,1.0,looping,0.9518701675379628,0.9999323513000342,0.4890652129813927,0.9548264252070076,0.8676937225792667,0.2786372767802786,0.93434944896966,0.9999963835797746,0.980891970842662,0.9998439746257946,0.9956657832430617,0.9999636317940649,0.0,0.0
ollama_llama8b/real-looping-046,llama,3,1.0,looping,0.9641623070678,0.9998849054942853,0.9251236182540555,0.6300588856982403,0.3985206106712218,0.4239135191615458,0.9830149881966684,0.9999730912811519,0.9950975875290796,0.999901409999259,0.9981795841438175,0.9998623853943229,9202.758077743214,168.47137752590942
ollama_llama8b/real-looping-046,llama,4,1.0,looping,0.978430216100637,0.9997983257013197,0.9046019638117172,0.9798084155986199,0.12224391041120611,0.9001563111444972,0.9876738594214027,0.9999925073283932,0.9922549224701837,0.9999331807385281,0.99833953080034,0.9999097265440192,9637.573399328823,643.3955402387717
ollama_llama8b/real-looping-050,llama,2,1.0,looping,0.9975887735639296,0.9990819604157436,0.5517727219677367,0.6592615937176064,0.4895232201477896,0.2412576710595795,0.7780439631844012,0.9590809392318532,0.9977132293729422,0.9971883198277347,0.9836517914111815,0.9984592683306852,0.0,0.0
ollama_llama8b/real-looping-050,llama,3,1.0,looping,0.9933899578610905,0.9998996741251348,0.5763161378349996,0.5154854975444964,0.4895232201477896,0.17466645348377266,0.7568506325005567,0.9179782987496692,0.9891323598356544,0.9991888915064525,0.9857692941827647,0.999832614358495,23.17511788309856,94.4657010542048
ollama_llama8b/real-looping-050,llama,4,1.0,looping,0.9829027840508886,0.9991016890978865,0.6609398281977333,0.932525876420207,0.4881030743132764,0.1616071730807812,0.731661728310902,0.4559268171831117,0.9658854542741386,0.9971017081041542,0.9797165480537925,0.9922013190481266,95.64239913177745,269.1532696499344
ollama_llama8b/real-looping-051,llama,2,1.0,looping,0.9872768467581373,0.9999323513000342,0.5301600231409207,0.9679402730905265,0.15008489236297975,0.37938784728458674,0.9619891892412538,0.9999971037607576,0.9889801499123048,0.9999414601375796,0.9968027140574176,0.9999573889569856,0.0,0.0
ollama_llama8b/real-looping-051,llama,3,1.0,looping,0.9920833914593572,0.9998849054942853,0.4650571941580328,0.9077121109620528,0.15008489236297975,0.3311678723122975,0.9682016161371529,0.9999723062555237,0.9920436937390179,0.9999123920589097,0.9967610195091027,0.9998801060084401,40.50993144418398,100.3958997359346
ollama_llama8b/real-looping-051,llama,4,1.0,looping,0.9969876925897467,0.9997983257013197,0.4650571941580328,0.999397440357886,0.15008489236297975,0.2698033675100354,0.9848749512095526,0.999992637578066,0.9895203442219664,0.9999644122794682,0.997366430996256,0.9998855659587632,92.11687631520043,239.32729499516307
ollama_llama8b/real-looping-053,llama,2,,looping,0.774968493351612,0.9990068883697154,0.4890652129813927,0.9548264252070076,0.962199895642275,0.2786372767802786,0.46087636674212484,0.9999946189185795,0.3747135723827036,0.9993111126448009,0.6892501256409252,0.9999731874779713,0.0,0.0
ollama_llama8b/real-looping-053,llama,3,1.0,looping,0.9941017890630104,0.9998131319043525,0.7043290478359985,0.3425690162434716,0.8784588565537229,0.12048859897943628,0.6428690931525745,0.9998901788037651,0.9962091758426159,0.9991696229121758,0.9930880999342604,0.9995328646344278,40.66195030947491,150.1990033091299
ollama_llama8b/real-looping-053,llama,4,1.0,looping,0.9852451679695668,0.9999462955462228,0.6012026058403024,0.9959641956514423,0.8784588565537229,0.8059794329903537,0.7683399051810631,0.9999453895949657,0.9838769817599001,0.9997367826408812,0.9959897332133935,0.9988340636289805,75.27195757358771,269.51457096155673
ollama_llama8b/real-looping-054,llama,2,1.0,looping,0.9975887735639296,0.9990819604157436,0.4621766211454571,0.6842078973977362,0.4895232201477896,0.22569802923274576,0.7571831600515947,0.9771875586293937,0.9973857991782088,0.9972361948830978,0.9886024452418777,0.9985710748940365,0.0,0.0
ollama_llama8b/real-looping-054,llama,3,1.0,looping,0.9899516649937337,0.9448349370050333,0.9242722400208186,0.1612040014574301,0.4881030743132764,0.2283959712748539,0.5201321707286208,0.7926650044480811,0.9975311936116312,0.7981041304259833,0.9943713848894108,0.8286567261930046,10289.60907630016,195.6974947626019
ollama_llama8b/real-looping-057,llama,2,1.0,looping,0.9975887735639296,0.9999184639911379,0.5539913796748345,0.5056254138368235,0.4895232201477896,0.3499501493619708,0.6024282120921401,0.9994065233213213,0.9975010163734903,0.9997083868761085,0.9858326768877399,0.999836264312424,0.0,0.0
ollama_llama8b/real-looping-057,llama,3,1.0,looping,0.9933899578610905,0.9999099418066374,0.926202343104915,0.3378481551194676,0.962199895642275,0.3038682112477305,0.6925646549977507,0.568602714049655,0.9972246210263654,0.9997508133835985,0.9977772056324976,0.9986101944155958,9939.10362846927,150.53032984541127
ollama_llama8b/real-looping-057,llama,4,1.0,looping,0.9829027840508886,0.9996534494995303,0.9190258136319055,0.1909106986132669,0.9626820029737977,0.2515699059141414,0.5568901544436481,0.9092739107067563,0.9894318091604011,0.9980706574995262,0.9968755292503323,0.9988775389035476,10493.866206738032,231.72369512849735
ollama_llama8b/real-looping-058,llama,2,,looping,0.037539007387411026,0.09185265103779176,0.779758262612549,0.4980892460430938,0.962199895642275,0.2569872841881552,0.2138086673332924,0.3958934185060685,0.01869721240507697,0.07400693277037279,0.11040727134703808,0.09299775096694303,0.0,0.0
ollama_llama8b/real-looping-058,llama,3,1.0,looping,0.9988331809376256,0.956059354355173,0.6735329284037217,0.8190892757209646,0.962199895642275,0.2989973395845323,0.4718611093822728,0.6288478797807724,0.998653833031532,0.8359387372286825,0.9947796524353705,0.6020791374181969,11.690759010690545,170.9297954980994
ollama_llama8b/real-looping-058,llama,4,1.0,looping,0.9951606328188948,0.6665564723578854,0.9689119543946151,0.2980152468336232,0.9626820029737977,0.2491393129036302,0.4684575177797429,0.30384707408565,0.9976347732199043,0.4540789148855951,0.9948793920964579,0.5230406108464808,10969.96001823756,360.7342844247037
ollama_llama8b/real-goal_drift-000,llama,2,,goal_drift,0.5297571020288968,0.17230984348879674,0.7877060457855294,0.2848812032053866,0.4895232201477896,0.3499501493619708,0.2090732256669047,0.9850898265354754,0.18307325754520054,0.1284506357929955,0.1498861850146066,0.8746462993852935,0.0,0.0
ollama_llama8b/real-goal_drift-000,llama,3,1.0,goal_drift,0.9017581181513337,0.36662933548758475,0.9308820449439172,0.42238441649522107,0.962199895642275,0.3038682112477305,0.662445651133007,0.99461594523032,0.9768635785238645,0.19644290578302726,0.9509814797279985,0.84221000536588,10222.719790855055,169.9561451950533
ollama_llama8b/real-goal_drift-000,llama,4,1.0,goal_drift,0.7478462961690246,0.2945632747823346,0.9155524598723435,0.6790187768090211,0.9755308621255123,0.28933041357520645,0.41679923497475313,0.9986776315589282,0.9908725165301244,0.425541798189694,0.9269431514662752,0.9981614696688043,10627.65535590266,268.3032667487564
ollama_llama8b/real-goal_drift-001,llama,2,,goal_drift,0.05651135372631557,0.2385787023963698,0.45327805365605905,0.9587161924470483,0.18609135941053026,0.34550875209031995,0.8312225548076494,0.999997438127366,0.006793122415634819,0.44784705194865715,0.06043451054184965,0.9989772916777726,0.0,0.0
ollama_llama8b/real-goal_drift-001,llama,3,1.0,goal_drift,0.579557930930719,0.15514878397965257,0.9259606846066492,0.45970307180122955,0.18609135941053026,0.49620969308820556,0.96771655299379,0.9999887108007678,0.9018124994943004,0.37476506985133834,0.9200400746653145,0.9432278764562056,9174.27340735672,157.96697676992542
ollama_llama8b/real-goal_drift-001,llama,4,1.0,goal_drift,0.2907117027406663,0.20102429093088167,0.7422795333846812,0.17611011297588852,0.39743585907569134,0.2337599958094318,0.9281322484537704,0.999993351701788,0.8011055754809298,0.12911532697740705,0.21359624394883,0.9959903316960932,9724.478322349803,298.32680161444233
ollama_llama8b/real-goal_drift-007,llama,2,1.0,goal_drift,0.4635695444572081,0.8365418400914292,0.8778039129020779,0.6823601826150558,0.06492591653676932,0.36496893296543387,0.943796497330833,0.999988364748841,0.8669876072314592,0.915753443184002,0.8081934518593852,0.9988062848851319,0.0,0.0
ollama_llama8b/real-goal_drift-007,llama,3,1.0,goal_drift,0.7130121699216068,0.24621174083342323,0.9278507728736066,0.5417323582357901,0.15243041689501075,0.728149858251673,0.9229130516528214,0.9999626150834584,0.8664658898768693,0.47440442142821004,0.8722728429028092,0.9647582074636931,283.4040583759893,73.74256026851387
ollama_llama8b/real-goal_drift-007,llama,4,1.0,goal_drift,0.9233800310817597,0.22748388115107673,0.9152003303220447,0.9417723805057243,0.15243041689501075,0.46442309426956246,0.9106430450610318,0.9999976404815571,0.9396501327556961,0.7619198767298875,0.957121634087613,0.9970883163572785,382.76939122070206,142.89321516037057
ollama_llama8b/real-goal_drift-010,llama,2,,goal_drift,0.4635695444572081,0.8365418400914292,0.45327805365605905,0.9587161924470483,0.8676937225792667,0.2786372767802786,0.6889291497031245,0.9999969823843071,0.050626008466432004,0.900696871080854,0.3103197571450426,0.9997238908966597,0.0,0.0
ollama_llama8b/real-goal_drift-010,llama,3,1.0,goal_drift,0.7130121699216068,0.24621174083342323,0.9471859589263472,0.5125756942920111,0.8399418348338714,0.29230319583438635,0.9674685782701103,0.9999830646658885,0.8450624684533252,0.47440442142821004,0.9622270590789044,0.9338392122642974,9132.600878870395,157.263613945843
ollama_llama8b/real-goal_drift-010,llama,4,1.0,goal_drift,0.7467286723972169,0.20102429093088167,0.792309578358441,0.33714214780184126,0.8905722171098811,0.23040350176029395,0.9411875417609925,0.9999954497210085,0.6464111350436242,0.1328073302462369,0.8769498636604053,0.9917217327626691,9894.619660386847,312.35658467056624
ollama_llama8b/real-goal_drift-011,llama,2,,goal_drift,0.4635695444572081,0.8365418400914292,0.42834418134797514,0.9493053473204937,0.15008489236297975,0.37938784728458674,0.9385970528170343,0.9999958579613245,0.049957248263443076,0.9020525404861399,0.4955382523120786,0.9995314980621972,0.0,0.0
ollama_llama8b/real-goal_drift-011,llama,3,1.0,goal_drift,0.7130121699216068,0.24621174083342323,0.9480352088522539,0.4617223001939736,0.15008489236297975,0.3311678723122975,0.9416410580721126,0.9999818271986869,0.8385586484783892,0.5095974133340138,0.9376119541777078,0.9349016725962179,9219.257636109238,159.38274432404165
ollama_llama8b/real-goal_drift-011,llama,4,1.0,goal_drift,0.7467286723972169,0.20102429093088167,0.8164241311919798,0.16952633609189802,0.33749317906335896,0.23040350176029395,0.856686014297877,0.9999848615915576,0.6550991950247592,0.12999132377234413,0.5808393852861514,0.994709145278162,9907.642184261329,312.0610646602236
ollama_llama8b/real-goal_drift-013,llama,2,1.0,goal_drift,0.8005009175194636,0.9990068883697154,0.8740967321881907,0.6823601826150558,0.06492591653676932,0.36496893296543387,0.9583641004823134,0.9999968215029807,0.9247413410644705,0.9994026163426135,0.9552263514038227,0.999978763886885,0.0,0.0
ollama_llama8b/real-goal_drift-013,llama,3,1.0,goal_drift,0.6364625725736333,0.1683782184011489,0.9149944950452517,0.5914053720506071,0.15243041689501075,0.728149858251673,0.9496773497889949,0.9999916349185125,0.8504880220461871,0.42620016613087963,0.8823444656996803,0.9928167763130936,280.94735589655795,73.55771003360951
ollama_llama8b/real-goal_drift-013,llama,4,1.0,goal_drift,0.9233800310817597,0.23819875313027727,0.9072372635241446,0.9798084155986199,0.15243041689501075,0.9359818928230749,0.917579182579968,0.9999985725847054,0.9456492701157352,0.773363840964559,0.9585596481471514,0.9975993119478689,380.96468460604814,142.60015461971244
ollama_llama8b/real-goal_drift-014,llama,2,1.0,goal_drift,0.5297571020288968,0.24188750224988034,0.9526393279333377,0.2448566565019455,0.3985206106712218,0.23147280164824152,0.3492200400417248,0.2541507134520723,0.993508349873388,0.1048996482248213,0.7153703182473454,0.19625713698618763,0.0,0.0
ollama_llama8b/real-goal_drift-014,llama,3,1.0,goal_drift,0.6835670998778485,0.1126839752770266,0.8869881459231773,0.30633668711551193,0.39743585907569134,0.26049469141127984,0.7339474644363885,0.7438599313224815,0.9875450973082539,0.11297180897578472,0.6993268531871698,0.7444561410313224,348.8906911077941,86.95768094863318
ollama_llama8b/real-goal_drift-017,llama,2,,goal_drift,0.05651135372631557,0.2385787023963698,0.4552374484778442,0.9458277628629526,0.8676937225792667,0.2786372767802786,0.9455901629046041,0.9999977973532148,0.006934405583906845,0.43122739335337146,0.3831936272920854,0.9990299609729355,0.0,0.0
ollama_llama8b/real-goal_drift-017,llama,3,1.0,goal_drift,0.579557930930719,0.15514878397965257,0.9269594922451493,0.49511607070957275,0.8399418348338714,0.29230319583438635,0.9715030096556906,0.9999806305570496,0.9036325756122181,0.4247045448112716,0.9869720528400404,0.924068962278231,9160.349641331733,157.69999629615532
ollama_llama8b/real-goal_drift-017,llama,4,1.0,goal_drift,0.2907117027406663,0.20102429093088167,0.747624481522291,0.18388904005208825,0.8905722171098811,0.23040350176029395,0.9230062258433152,0.9999936337017294,0.7898224862360688,0.12999132377234413,0.8693584698355424,0.9985848753466628,9875.228217918633,309.83336029842803
ollama_llama8b/real-goal_drift-020,llama,2,,goal_drift,0.8005009175194636,0.9990068883697154,0.4552374484778442,0.9495703908565992,0.15008489236297975,0.37938784728458674,0.8630387228470795,0.9999985491326895,0.3747135723827036,0.9992534029572249,0.7893947081638492,0.9999848393841252,0.0,0.0
ollama_llama8b/real-goal_drift-020,llama,3,1.0,goal_drift,0.8873447423074089,0.2818939863186985,0.9272376212281925,0.49511607070957275,0.15008489236297975,0.3311678723122975,0.9628530360518779,0.999984618219487,0.9442485531113204,0.5823634884438574,0.9773293950376237,0.9718057150385874,9132.924210216464,157.2372066593023
ollama_llama8b/real-goal_drift-020,llama,4,1.0,goal_drift,0.9015968994174561,0.2031558612985955,0.7756953142891385,0.1855993443119358,0.33749317906335896,0.23040350176029395,0.9181013760765877,0.9999824049976139,0.8338386894783322,0.12653665547195736,0.8817681802690766,0.9762030732993139,9846.485460752267,309.02235120647583
ollama_llama8b/real-goal_drift-024,llama,2,1.0,goal_drift,0.05651135372631557,0.2385787023963698,0.8842516012999896,0.6823601826150558,0.06492591653676932,0.36496893296543387,0.9549266630068277,0.9999966917288744,0.8628625882595707,0.4931041184832481,0.4294113769199068,0.9985865871834468,0.0,0.0
ollama_llama8b/real-goal_drift-024,llama,3,1.0,goal_drift,0.0965080631047507,0.15618911272766295,0.9196020382155559,0.5914053720506071,0.15243041689501075,0.728149858251673,0.9659379060823555,0.9999779240544284,0.8886763642623551,0.37124829603999726,0.5512222879760842,0.9758149835969082,287.4271461249517,73.7905544959045
ollama_llama8b/real-goal_drift-024,llama,4,1.0,goal_drift,0.12000216986611836,0.575024673403922,0.9149944950452517,0.9798084155986199,0.15243041689501075,0.9359818928230749,0.8561452692137845,0.9999936992791678,0.898572475641602,0.871093591878966,0.6318570974387523,0.9879563420379367,387.6658100941405,143.08986431319607
ollama_llama8b/real-goal_drift-027,llama,2,1.0,goal_drift,0.037539007387411026,0.14032901022099434,0.95788119562272,0.24636870317953294,0.9478832150793534,0.3030142379904896,0.32275182600048336,0.13220909024922048,0.9196624112535818,0.08148008687198112,0.868503067554962,0.045421540997822134,0.0,0.0
ollama_llama8b/real-goal_drift-027,llama,3,1.0,goal_drift,0.06356485655389416,0.26128400125199247,0.8918299426738321,0.30557287390262383,0.9216819801936827,0.27774799438894365,0.2724171536516061,0.37441710850845655,0.7149503452602629,0.11948127321404939,0.7744788291466592,0.4080893003327651,296.1371501767952,83.40744506947028
ollama_llama8b/real-goal_drift-028,llama,2,,goal_drift,0.037539007387411026,0.193996374254617,0.6093466069666941,0.8446328297651006,0.962199895642275,0.2786372767802786,0.12367745139245076,0.8349052302634589,0.019948881217586794,0.10002278141794908,0.09571532199034516,0.82750239047603,0.0,0.0
ollama_llama8b/real-goal_drift-028,llama,3,1.0,goal_drift,0.06977990151573189,0.20783077218783413,0.9625465888124163,0.24590739199069156,0.9421464598066246,0.2879913902257941,0.226491845017469,0.2163240478583046,0.8669323741966898,0.11666037926537805,0.8969167261210598,0.14334125933768954,10318.465804097339,169.2127508200113
ollama_llama8b/real-goal_drift-028,llama,4,1.0,goal_drift,0.11045761521753168,0.5301766454393584,0.9318592779422878,0.8121918392739124,0.87170517846066,0.32766026041902363,0.1643873240047233,0.9875575171600414,0.7877422415813026,0.6952995502889531,0.8412483955671367,0.9905625493498323,10682.718875978853,263.3168223066692
ollama_llama8b/real-goal_drift-029,llama,2,1.0,goal_drift,0.037539007387411026,0.14032901022099434,0.8526674399859683,0.3114191940851601,0.9478832150793534,0.3023572933528941,0.24078516149477025,0.5771176372492761,0.8283924793127575,0.1101016585711808,0.906344208231413,0.06662492683949665,0.0,0.0
ollama_llama8b/real-goal_drift-029,llama,3,1.0,goal_drift,0.06977990151573189,0.0865526929144871,0.9224764960014207,0.36863812854998745,0.9421464598066246,0.3695997274157661,0.16402423191769927,0.17767846696259226,0.9292252209104642,0.08959563909495405,0.9284462143120351,0.06496022339570448,272.27400142421254,63.057477555939975
ollama_llama8b/real-goal_drift-029,llama,4,1.0,goal_drift,0.11045761521753168,0.5439404781970014,0.8785738606884483,0.8083631299767148,0.8833355369797634,0.259952074982756,0.13954731990342295,0.672132369630336,0.8859513288702561,0.7066365758930406,0.9136825376300932,0.49129013999575555,328.58800014433587,125.12595432209301
ollama_llama8b/real-goal_drift-031,llama,2,,goal_drift,0.05651135372631557,0.2385787023963698,0.4552374484778442,0.9495703908565992,0.8676937225792667,0.2786372767802786,0.9455901629046041,0.9999977973532148,0.006934405583906845,0.43122739335337146,0.3831936272920854,0.9990299609729355,0.0,0.0
ollama_llama8b/real-goal_drift-031,llama,3,1.0,goal_drift,0.579557930930719,0.15514878397965257,0.4803647000916391,0.710142116686502,0.962199895642275,0.20603838356232418,0.9715030096556906,0.9999806305570496,0.07912001537813734,0.35259018913142237,0.7476437651366686,0.9289940893789834,38.81235972330464,8.299328499766169
ollama_llama8b/real-goal_drift-031,llama,4,1.0,goal_drift,0.2907117027406663,0.20102429093088167,0.6256206983585232,0.3474627363422169,0.9626820029737977,0.21863210361261365,0.9230062258433152,0.9999936337017294,0.06500461902076704,0.10513035926754193,0.3023694239311953,0.9988292591282693,156.73156775808854,18.197417175090603
ollama_llama8b/real-goal_drift-035,llama,2,1.0,goal_drift,0.037539007387411026,0.193996374254617,0.9515596948684572,0.2190279621884163,0.8676937225792667,0.2859404802799176,0.348119129929216,0.5136034703446066,0.9293647038619225,0.10269683661853801,0.9280774496988519,0.14189403399333764,0.0,0.0
ollama_llama8b/real-goal_drift-035,llama,3,1.0,goal_drift,0.06977990151573189,0.20783077218783413,0.9619228706331673,0.22924167417074584,0.8399418348338714,0.29230319583438635,0.17273289979035256,0.40961233154522325,0.9462717650602602,0.11666037926537805,0.9626750107647838,0.30377996175919525,278.19368504001983,63.770953283389076
ollama_llama8b/real-goal_drift-035,llama,4,1.0,goal_drift,0.10940940809470026,0.13843982221733825,0.9523987345581679,0.6261350584965354,0.8905722171098811,0.23040350176029395,0.455097262834465,0.7794116244192582,0.8334163319939182,0.08962399717145658,0.8641538669437866,0.9240343159286291,384.7000622372579,146.28652720298365
ollama_llama8b/real-goal_drift-036,llama,2,1.0,goal_drift,0.037539007387411026,0.14032901022099434,0.5664299875591072,0.6110965157038017,0.962199895642275,0.25380269576865216,0.24078516149477025,0.5771176372492761,0.011167977852767965,0.10034108827759185,0.14660132144656246,0.07176262009726342,0.0,0.0
ollama_llama8b/real-goal_drift-036,llama,3,1.0,goal_drift,0.06977990151573189,0.0865526929144871,0.6732347331419056,0.6245264292336827,0.962199895642275,0.22922535043050485,0.16402423191769927,0.17767846696259226,0.02356483888358806,0.05719739445478605,0.15023415939663323,0.06997916980574372,15.49820765509404,4.257291340338561
ollama_llama8b/real-goal_drift-036,llama,4,1.0,goal_drift,0.11045761521753168,0.5439404781970014,0.6160561873848097,0.941707620566018,0.962199895642275,0.5287441760168884,0.13954731990342295,0.672132369630336,0.014621466994423436,0.6475382931142216,0.12064138343771828,0.5108674569215546,37.59695946392041,6.548693829397622
ollama_llama8b/real-goal_drift-037,llama,2,1.0,goal_drift,0.4635695444572081,0.8365418400914292,0.8656184339699862,0.673083240162403,0.06492591653676932,0.36496893296543387,0.9769394393535988,0.9999927220026934,0.885622980413244,0.915753443184002,0.8430238768275635,0.9994410198151215,0.0,0.0
ollama_llama8b/real-goal_drift-037,llama,3,1.0,goal_drift,0.7130121699216068,0.24621174083342323,0.9117530821527398,0.5799689984978977,0.15243041689501075,0.728149858251673,0.9669802517404306,0.9999334484940658,0.858612800394518,0.5264418650002104,0.8534711678519026,0.9717917122238755,289.0093689768667,75.99146048925698
ollama_llama8b/real-goal_drift-037,llama,4,1.0,goal_drift,0.5873832863439721,0.5908910318642498,0.8915114907755071,0.9767268751512276,0.15243041689501075,0.9359818928230749,0.9485742866002224,0.9999966942820683,0.830203252433735,0.9033420751371354,0.8764988194090105,0.9953270509293689,392.73869352610114,146.63568837909278
ollama_llama8b/real-goal_drift-039,llama,2,1.0,goal_drift,0.759376983713226,0.9941678367924477,0.8653068655040992,0.6823601826150558,0.3985206106712218,0.38377905070606655,0.9255940298509305,0.9999964685773627,0.9210368472714522,0.9964656773114271,0.9444462143132438,0.9999513845555851,0.0,0.0
ollama_llama8b/real-goal_drift-039,llama,3,1.0,goal_drift,0.8873447423074089,0.2969889590840934,0.9262248852369203,0.5914053720506071,0.12224391041120611,0.6131876066030861,0.8774960416419061,0.9999334609121886,0.9606575069120024,0.5986768951639618,0.9560994276798707,0.9735698750008303,279.5179681007288,73.50612717388542
ollama_llama8b/real-goal_drift-039,llama,4,1.0,goal_drift,0.9233800310817597,0.9674650322454543,0.9072372635241446,0.9798084155986199,0.15243041689501075,0.46449008195170033,0.7499518879437705,0.9999983054001631,0.9456492701157352,0.9957268743821222,0.9388233403112395,0.9997882644076017,379.5835071305267,142.49736077237986
ollama_llama8b/real-goal_drift-041,llama,2,1.0,goal_drift,0.037539007387411026,0.14032901022099434,0.8316568858629441,0.600344342529548,0.4895232201477896,0.20636998903657433,0.32275182600048336,0.13220909024922048,0.025644938531218502,0.08940493620090782,0.09670130629265548,0.049010018098188855,0.0,0.0
ollama_llama8b/real-goal_drift-041,llama,3,1.0,goal_drift,0.06356485655389416,0.26128400125199247,0.6951868884296686,0.6884221220274107,0.4881030743132764,0.2283959712748539,0.2724171536516061,0.37441710850845655,0.037852149418543805,0.11612348397405904,0.08153852961816517,0.45913812350126193,67.51529429701294,9.615417203756017
ollama_llama8b/real-goal_drift-042,llama,2,1.0,goal_drift,0.037539007387411026,0.193996374254617,0.8145022372310136,0.5199317392967333,0.4895232201477896,0.3499501493619708,0.348119129929216,0.5136034703446066,0.026074747883126585,0.10837638404303024,0.16448213742256723,0.15300772581403657,0.0,0.0
ollama_llama8b/real-goal_drift-042,llama,3,1.0,goal_drift,0.06977990151573189,0.20783077218783413,0.8164681562267281,0.5707105722589515,0.4895232201477896,0.3365226134538805,0.17273289979035256,0.40961233154522325,0.03179039157610645,0.08577136817891125,0.23317364406018717,0.32651347396341623,33.61896167600382,3.5025625599801806
ollama_llama8b/real-goal_drift-042,llama,4,1.0,goal_drift,0.10940940809470026,0.13843982221733825,0.8448608957288507,0.996183078462355,0.4881030743132764,0.2491393129036302,0.455097262834465,0.7794116244192582,0.060940590810340554,0.23962370825395446,0.20816686077019012,0.9294654043022115,179.69866218971367,10.662964602422756
ollama_llama8b/real-goal_drift-043,llama,2,,goal_drift,0.037539007387411026,0.14032901022099434,0.5180049768681032,0.6748963542371946,0.4895232201477896,0.2412576710595795,0.31301609093781674,0.25905995859066494,0.02497675814239103,0.10870877853896388,0.08841047845524141,0.07760507502387085,0.0,0.0
ollama_llama8b/real-goal_drift-043,llama,3,1.0,goal_drift,0.06977990151573189,0.0865526929144871,0.9442375337315846,0.24695959348418425,0.962199895642275,0.2848791717067505,0.1964602976808158,0.16379216704817265,0.9411018222848272,0.07295244441026245,0.9247516696929524,0.05693903102183868,10175.078654629928,166.25428007772217
ollama_llama8b/real-goal_drift-043,llama,4,1.0,goal_drift,0.11045761521753168,0.5439404781970014,0.9327620760924444,0.18761207848666742,0.9755308621255123,0.2758517904630274,0.15711859055877836,0.5331813908393221,0.9364793293358994,0.40199594512063286,0.9398573080070894,0.3336061598604648,10579.977734687895,261.8135774299558
ollama_llama8b/real-goal_drift-044,llama,2,1.0,goal_drift,0.4635695444572081,0.8365418400914292,0.47845159291183337,0.8593567181289079,0.18609135941053026,0.34550875209031995,0.9769394393535988,0.9999927220026934,0.05944952903913825,0.9222567341106387,0.522119621011312,0.9995222891388048,0.0,0.0
ollama_llama8b/real-goal_drift-044,llama,3,1.0,goal_drift,0.7130121699216068,0.24621174083342323,0.49161497447792196,0.8036882516123696,0.18609135941053026,0.24785394026592816,0.9669802517404306,0.9999334484940658,0.2504355588989226,0.4990555999952595,0.5936720752180887,0.9740300569384956,33.214482854718405,8.05870082021309
ollama_llama8b/real-goal_drift-044,llama,4,1.0,goal_drift,0.5873832863439721,0.5908910318642498,0.4588139989232789,0.9994017359197198,0.87170517846066,0.2597172658619176,0.9485742866002224,0.9999966942820683,0.06026333353642563,0.9680927736371226,0.5871287702045928,0.9953709650477118,70.3861302480172,17.133105138816
ollama_llama8b/real-goal_drift-046,llama,2,1.0,goal_drift,0.759376983713226,0.9941678367924477,0.41052264446476827,0.858807584480565,0.8676937225792667,0.2786372767802786,0.9255940298509305,0.9999964685773627,0.25558222126920294,0.9964868989761757,0.8218624424966589,0.9999572763560453,0.0,0.0
ollama_llama8b/real-goal_drift-046,llama,3,1.0,goal_drift,0.8873447423074089,0.2969889590840934,0.5561078533377443,0.7952923635629879,0.8399418348338714,0.29230319583438635,0.8774960416419061,0.9999334609121886,0.6041591026240465,0.5248742942988707,0.8676963911769168,0.9748560505169351,38.81235972330464,6.951747012108765
ollama_llama8b/real-goal_drift-046,llama,4,1.0,goal_drift,0.9233800310817597,0.9674650322454543,0.44443179240513137,0.9955254573760062,0.962199895642275,0.2561126365380993,0.7499518879437705,0.9999983054001631,0.4731979229089445,0.9976314946170082,0.8134595349675966,0.9998143637006337,81.02694841613265,15.946949769273239
ollama_llama8b/real-goal_drift-047,llama,2,1.0,goal_drift,0.037539007387411026,0.14032901022099434,0.838357721591521,0.4298279041011015,0.9478832150793534,0.3218580288236751,0.2797997610959333,0.10968564086140963,0.8545224342267251,0.12002713156070838,0.8874431499866049,0.05611206641259084,0.0,0.0
ollama_llama8b/real-goal_drift-047,llama,3,1.0,goal_drift,0.06356485655389416,0.26128400125199247,0.9417878380912523,0.19595762890730195,0.9216819801936827,0.26049469141127984,0.4683987551029176,0.21341909499356534,0.8769283739269478,0.10885034070714006,0.7214435442422251,0.1446659588832409,310.7992294774847,73.91029560076225
ollama_llama8b/real-goal_drift-048,llama,2,1.0,goal_drift,0.5297571020288968,0.1429653336907221,0.916683347707191,0.2524710633316193,0.8676937225792667,0.3839367919489822,0.38553875893705475,0.30307928701826925,0.98329215445398,0.1048996482248213,0.9130307537075983,0.1040281428951698,0.0,0.0
ollama_llama8b/real-goal_drift-048,llama,3,1.0,goal_drift,0.6835670998778485,0.058042785998950255,0.9465679888679082,0.5443431642751814,0.9008850632242883,0.3060120276279197,0.4699952914257015,0.5417344610046966,0.9871917231690235,0.0699767582865465,0.923883069135721,0.21878835204234995,305.8949992402381,87.28068856466015
ollama_llama8b/real-goal_drift-050,llama,2,1.0,goal_drift,0.037539007387411026,0.14032901022099434,0.5664299875591072,0.6176471606664704,0.4895232201477896,0.2412576710595795,0.24078516149477025,0.5771176372492761,0.011167977852767965,0.10034108827759185,0.11054214321021942,0.07176262009726342,0.0,0.0
ollama_llama8b/real-goal_drift-050,llama,3,1.0,goal_drift,0.06977990151573189,0.0865526929144871,0.6184870674669357,0.6224444361320665,0.4895232201477896,0.17466645348377266,0.16402423191769927,0.17767846696259226,0.02356483888358806,0.05719739445478605,0.11340015753990247,0.06997916980574372,15.49820765509404,4.257291340338561
ollama_llama8b/real-goal_drift-050,llama,4,1.0,goal_drift,0.11045761521753168,0.5439404781970014,0.6160561873848097,0.9066919379091973,0.4895232201477896,0.30250326997580207,0.13954731990342295,0.672132369630336,0.014621466994423436,0.6099057625418419,0.09029192664878977,0.5108674569215546,37.59695946392041,6.548693829397622
ollama_llama8b/real-goal_drift-051,llama,2,1.0,goal_drift,0.4635695444572081,0.8365418400914292,0.4192221150534006,0.8521123613888153,0.15008489236297975,0.37938784728458674,0.9769394393535988,0.9999927220026934,0.05944952903913825,0.9221784412398605,0.522119621011312,0.9995058898221167,0.0,0.0
ollama_llama8b/real-goal_drift-051,llama,3,1.0,goal_drift,0.7130121699216068,0.24621174083342323,0.49161497447792196,0.7871198088154536,0.15008489236297975,0.3311678723122975,0.9669802517404306,0.9999334484940658,0.2504355588989226,0.45372697537047085,0.5936720752180887,0.973162033536014,33.214482854718405,8.05870082021309
ollama_llama8b/real-goal_drift-051,llama,4,1.0,goal_drift,0.5873832863439721,0.5908910318642498,0.4588139989232789,0.9953887951016472,0.8399418348338714,0.20603838356232418,0.9485742866002224,0.9999966942820683,0.06026333353642563,0.9380045681000647,0.5871287702045928,0.9953709650477118,70.3861302480172,17.133105138816
ollama_llama8b/real-goal_drift-053,llama,2,,goal_drift,0.774968493351612,0.9990068883697154,0.4890652129813927,0.9548264252070076,0.962199895642275,0.2786372767802786,0.46087636674212484,0.9999946189185795,0.3747135723827036,0.9993111126448009,0.6892501256409252,0.9999731874779713,0.0,0.0
ollama_llama8b/real-goal_drift-053,llama,3,1.0,goal_drift,0.8711376410109994,0.9613031336610398,0.939750075438306,0.5479311428435761,0.962199895642275,0.2597305541417514,0.8543193799208287,0.9999859051281177,0.9477998961548292,0.9872484673030705,0.984750236367803,0.9965506133298759,9129.421043942943,157.1780929183715
ollama_llama8b/real-goal_drift-053,llama,4,1.0,goal_drift,0.893748393565964,0.969378157871725,0.7459569925622321,0.3960866206799592,0.9626820029737977,0.2390530140961539,0.9216192028170664,0.9999922276984737,0.8452369201921432,0.9399271022213277,0.8648106817673354,0.9992902099786759,9707.684079999966,299.4797749943932
ollama_llama8b/real-goal_drift-054,llama,2,1.0,goal_drift,0.037539007387411026,0.14032901022099434,0.5124628151404415,0.6898573345882248,0.962199895642275,0.2569872841881552,0.2797997610959333,0.10968564086140963,0.014232350632870011,0.10635913539572005,0.09700603367525955,0.06049161446958391,0.0,0.0
ollama_llama8b/real-goal_drift-054,llama,3,1.0,goal_drift,0.06356485655389416,0.26128400125199247,0.9501655050148339,0.4872459998062597,0.9626820029737977,0.2529133231318595,0.4683987551029176,0.21341909499356534,0.3746471151786984,0.10355783640779234,0.3246306205340025,0.1525104855574176,47.87048037188343,8.217840383196608
ollama_llama8b/real-goal_drift-055,llama,2,1.0,goal_drift,0.5297571020288968,0.1429653336907221,0.7250912596656234,0.5700575463033103,0.4895232201477896,0.22569802923274576,0.38553875893705475,0.30307928701826925,0.206716720477329,0.10611223381972014,0.14784530638054558,0.1117049470612279,0.0,0.0
ollama_llama8b/real-goal_drift-055,llama,3,1.0,goal_drift,0.6835670998778485,0.058042785998950255,0.6448507413545029,0.8488180164933737,0.4881030743132764,0.2283959712748539,0.4699952914257015,0.5417344610046966,0.4208905722851178,0.07298186493580544,0.2981152746856084,0.27041352531654744,205.87260592509287,8.441351661734846
ollama_llama8b/real-goal_drift-057,llama,2,1.0,goal_drift,0.037539007387411026,0.193996374254617,0.9521090978806624,0.2152594150944917,0.962199895642275,0.2859404802799176,0.3036300470449362,0.14782838587272587,0.929459188285198,0.1069928140238123,0.918206575553558,0.05894956391884659,0.0,0.0
ollama_llama8b/real-goal_drift-057,llama,3,1.0,goal_drift,0.06977990151573189,0.20783077218783413,0.9766857941026654,0.6625451240905206,0.9421464598066246,0.32248289159316784,0.2802403653970772,0.2024808846587699,0.9625842115863539,0.12307878701636425,0.9565395369116391,0.09145399800893678,261.3857070809948,58.54408828941845
ollama_llama8b/real-goal_drift-057,llama,4,1.0,goal_drift,0.10940940809470026,0.13843982221733825,0.7031462146900777,0.490389873922722,0.9215219165310393,0.2337599958094318,0.492382945211654,0.6494837131876255,0.7130326907943847,0.11431105061268658,0.7798768637397724,0.2368372570822755,400.4072290781922,139.11766822090834
ollama_llama8b/real-goal_drift-058,llama,2,1.0,goal_drift,0.037539007387411026,0.09185265103779176,0.9497169038182723,0.23367963662532493,0.3985206106712218,0.23147280164824152,0.16624659846720202,0.15605933517055276,0.9321388437590742,0.07299456409269614,0.41382144419730926,0.07603991610827944,0.0,0.0
ollama_llama8b/real-goal_drift-058,llama,3,1.0,goal_drift,0.06977990151573189,0.12294878749056967,0.951400983982768,0.2364039533944681,0.18609135941053026,0.24416588509644935,0.1856784332555426,0.09228717014396702,0.9462717650602602,0.08733075606103544,0.5464286368497843,0.06059461300264668,292.2630044748474,67.33053889069315
ollama_llama8b/real-goal_drift-058,llama,4,1.0,goal_drift,0.11045761521753168,0.5439404781970014,0.9348249382924679,0.6719229035045636,0.18609135941053026,0.9329121852929538,0.22844268248809776,0.34599854427837534,0.922017862387045,0.41648967928313285,0.6026538538155869,0.48966119907773803,357.01800994913833,133.9909743090314
ollama_llama8b/real-context_corruption-001,llama,2,,context_corruption,0.05651135372631557,0.2385787023963698,0.48709040413134097,0.9571438380571272,0.8676937225792667,0.2786372767802786,0.8312225548076494,0.999997438127366,0.006793122415634819,0.46331224989549596,0.18028984128661021,0.9989739179196111,0.0,0.0
ollama_llama8b/real-context_corruption-001,llama,3,1.0,context_corruption,0.895759976053159,0.7204104664280041,0.9340166841746855,0.22384327615046312,0.8784588565537229,0.13493053167766414,0.7661738186969366,0.9945705489950034,0.9322960117609808,0.4428141635617203,0.9380469649801279,0.7301049719792543,9447.389269596299,308.0331949675144
ollama_llama8b/real-context_corruption-001,llama,4,1.0,context_corruption,0.9932612353497323,0.9998191650207305,0.9151967430881082,0.6589247781777784,0.8784588565537229,0.9809842124544299,0.5922942072516278,0.9999044953057572,0.9964897344493737,0.9992502070063963,0.955900873707009,0.9993320331899282,9995.218862832655,1165.7539143255785
ollama_llama8b/real-context_corruption-002,llama,2,,context_corruption,0.03689363868239793,0.1308557851528342,0.8389593452804094,0.5780700736885173,0.962199895642275,0.25380269576865216,0.36709822819433413,0.1576758431297193,0.026074747883126585,0.0939714243056286,0.2485803824820166,0.06189978273137229,0.0,0.0
ollama_llama8b/real-context_corruption-002,llama,3,1.0,context_corruption,0.06977990151573189,0.08312262521897999,0.9441546433987636,0.21088024443959913,0.962199895642275,0.28159533636524037,0.40212304193943266,0.23718897106752368,0.8356435986541537,0.07548932605633148,0.9043073932283187,0.06374112857978381,10357.733325357263,170.25218107298795
ollama_llama8b/real-context_corruption-002,llama,4,1.0,context_corruption,0.11045761521753168,0.532960128085782,0.9535413639490248,0.7381061346747051,0.962199895642275,0.2991968239426142,0.4700951182613508,0.7404595927503581,0.8673106979049947,0.4257254843072636,0.9086606902972304,0.36733834355088224,10718.531415602749,265.97501404594516
ollama_llama8b/real-context_corruption-007,llama,2,1.0,context_corruption,0.4635695444572081,0.8365418400914292,0.7881037278058204,0.8936809262035005,0.3985206106712218,0.38377905070606655,0.956051956244113,0.9999969871189857,0.844064292754923,0.8926001028649729,0.8532223464283998,0.999691653323575,0.0,0.0
ollama_llama8b/real-context_corruption-007,llama,3,1.0,context_corruption,0.9628748515545978,0.7569506657483229,0.9250975153604887,0.22384327615046312,0.8784588565537229,0.13493053167766414,0.8540273702860356,0.9983732567837655,0.9784239934060059,0.4990423758855219,0.9841007877711216,0.918840770044017,340.70784407917756,296.29535103893295
ollama_llama8b/real-context_corruption-007,llama,4,1.0,context_corruption,0.9921570859795347,0.9998191650207305,0.9015935346630952,0.1762095533051548,0.8784588565537229,0.9809842124544299,0.6563085722218551,0.9998239409718634,0.9975459275967334,0.9993581584656962,0.9715906125035769,0.9988654383991389,557.3239944339448,628.5062013564132
ollama_llama8b/real-context_corruption-010,llama,2,1.0,context_corruption,0.4635695444572081,0.8365418400914292,0.7881037278058204,0.8936809262035005,0.06492591653676932,0.36496893296543387,0.6889291497031245,0.9999969823843071,0.844064292754923,0.8839950428160178,0.6585478197424998,0.999687632548082,0.0,0.0
ollama_llama8b/real-context_corruption-010,llama,3,1.0,context_corruption,0.9628748515545978,0.7569506657483229,0.8872851201301573,0.2149049113448982,0.8784588565537229,0.13493053167766414,0.7199145844919946,0.9996957542100419,0.9772645785539036,0.49287442427871875,0.9704645053925429,0.8293341119093096,343.4815320792785,296.30032988086356
ollama_llama8b/real-context_corruption-010,llama,4,1.0,context_corruption,0.9921570859795347,0.9998371787772019,0.9153093265541593,0.17414113553360486,0.8784588565537229,0.7383790994394136,0.6441841838825787,0.9998148794386705,0.9971605964736546,0.9993581584656962,0.9764878712220314,0.9997062738866985,547.3406774314227,626.69429613478
ollama_llama8b/real-context_corruption-011,llama,2,,context_corruption,0.4635695444572081,0.8365418400914292,0.42834418134797514,0.9493053473204937,0.15008489236297975,0.37938784728458674,0.9385970528170343,0.9999958579613245,0.049957248263443076,0.9020525404861399,0.4955382523120786,0.9995314980621972,0.0,0.0
ollama_llama8b/real-context_corruption-011,llama,3,,context_corruption,0.9628748515545978,0.7569506657483229,0.6589106303338683,0.3349320312685904,0.8784588565537229,0.11590769263416967,0.5781019739529439,0.9950532640416201,0.9576270862397764,0.49284995585365143,0.9626045854765132,0.9439909194336507,35.25112149421448,153.4906561013143
ollama_llama8b/real-context_corruption-011,llama,4,1.0,context_corruption,0.9921570859795347,0.9998191650207305,0.9741378383994077,0.4082823781325348,0.8784588565537229,0.873906667083522,0.3391908002301516,0.9999696544723352,0.9971291764647157,0.9992181178760255,0.9507747543658626,0.9998995780691606,11395.850169444415,411.6808106166977
ollama_llama8b/real-context_corruption-012,llama,2,1.0,context_corruption,0.9963257761997627,0.9999431721091813,0.9182869122524387,0.5709622349867107,0.8784588565537229,0.9809842124544299,0.801811708490674,0.9994693875053081,0.9976509780339086,0.9997773853182177,0.9806272744106344,0.9996246420999202,0.0,0.0
ollama_llama8b/real-context_corruption-012,llama,3,1.0,context_corruption,0.9932797056236473,0.9968260602257063,0.8995929841783114,0.53039617634059,0.6666185485967777,0.09619239805126742,0.8806572781244036,0.997828956542294,0.9976515667477355,0.9941402695265282,0.9904743122595331,0.9973154779618674,952.7932219819234,192.52392021926053
ollama_llama8b/real-context_corruption-013,llama,2,1.0,context_corruption,0.8005009175194636,0.9990068883697154,0.8328064409893415,0.8804170793921084,0.06492591653676932,0.36496893296543387,0.8630387228470795,0.9999985491326895,0.9154489503849099,0.9991742332423513,0.9345591923292806,0.9999828733709344,0.0,0.0
ollama_llama8b/real-context_corruption-013,llama,3,1.0,context_corruption,0.95700738544493,0.99769439939524,0.9137757699533552,0.2149049113448982,0.8784588565537229,0.13493053167766414,0.8740035321751966,0.9982445657907381,0.9788572367406599,0.9932437288650473,0.9832907184760555,0.9988853076042097,343.8961208062228,296.2150897864919
ollama_llama8b/real-context_corruption-013,llama,4,1.0,context_corruption,0.9623695514595612,0.9998191650207305,0.928345517653007,0.7445520068590583,0.8784588565537229,0.873906667083522,0.7473284156459656,0.9999690626692389,0.985415202720818,0.9993147070817028,0.9778680265788039,0.9998553642969706,573.5366019100838,631.2007539100043
ollama_llama8b/real-context_corruption-017,llama,2,1.0,context_corruption,0.05651135372631557,0.2385787023963698,0.7843681383405942,0.8804170793921084,0.22818838973293465,0.13881895320522233,0.9455901629046041,0.9999977973532148,0.8279857914231559,0.460956372297381,0.6688853570866375,0.9989167212130294,0.0,0.0
ollama_llama8b/real-context_corruption-017,llama,3,1.0,context_corruption,0.895759976053159,0.7204104664280041,0.9067564953110102,0.2149049113448982,0.8784588565537229,0.13493053167766414,0.870652259984111,0.9998536263094547,0.9361907038234888,0.4367353047950431,0.9567678194412299,0.8610743270406155,336.92837306336384,295.7104384532848
ollama_llama8b/real-context_corruption-017,llama,4,1.0,context_corruption,0.9932612353497323,0.9998371787772019,0.9097642329281084,0.7445520068590583,0.8784588565537229,0.9809842124544299,0.8773225080116042,0.999966412396652,0.9965689284166492,0.9989612823564682,0.9873874933156314,0.9997381022500735,526.9956193621904,622.6430014627113
ollama_llama8b/real-context_corruption-020,llama,2,,context_corruption,0.8005009175194636,0.9990068883697154,0.4890652129813927,0.9548264252070076,0.15008489236297975,0.37938784728458674,0.8630387228470795,0.9999985491326895,0.3747135723827036,0.9993111126448009,0.7893947081638492,0.9999848393841252,0.0,0.0
ollama_llama8b/real-context_corruption-020,llama,3,1.0,context_corruption,0.95700738544493,0.99769439939524,0.936352069777835,0.2149049113448982,0.8784588565537229,0.13493053167766414,0.7605188006839839,0.9974436179176213,0.9779554778279448,0.9932437288650473,0.9814633137303285,0.9932202819289149,9440.696721155446,307.70835434326733
ollama_llama8b/real-context_corruption-020,llama,4,1.0,context_corruption,0.9623695514595612,0.9998191650207305,0.9407215340297859,0.29008052195231454,0.8784588565537229,0.7383790994394136,0.7278315923007428,0.9996997312241962,0.9851209687481466,0.9988952970870524,0.9713588000015608,0.9994309686115395,9981.153918580294,1164.6826047976876
ollama_llama8b/real-context_corruption-021,llama,2,1.0,context_corruption,0.5297571020288968,0.24188750224988034,0.9430175128805284,0.25253682342705597,0.8676937225792667,0.3839367919489822,0.26730907539525445,0.273843701398972,0.9919233478046297,0.11128619278735377,0.9649767233294615,0.09999017541796897,0.0,0.0
ollama_llama8b/real-context_corruption-021,llama,3,1.0,context_corruption,0.6835670998778485,0.1126839752770266,0.8867344998011951,0.17118051520357963,0.9008850632242883,0.3060120276279197,0.9108142068310723,0.9341049661044967,0.9868557012564675,0.11297180897578472,0.9352168521922818,0.8822287871421478,316.7416855145619,87.96591498320578
ollama_llama8b/real-context_corruption-024,llama,2,,context_corruption,0.05651135372631557,0.2385787023963698,0.4890652129813927,0.9548264252070076,0.8676937225792667,0.2786372767802786,0.9455901629046041,0.9999977973532148,0.006934405583906845,0.44658286029722566,0.3831936272920854,0.9990299609729355,0.0,0.0
ollama_llama8b/real-context_corruption-024,llama,3,1.0,context_corruption,0.895759976053159,0.7204104664280041,0.9214346601134119,0.2149049113448982,0.8784588565537229,0.13493053167766414,0.9052562395535184,0.9995973850728592,0.9047990063318113,0.4367353047950431,0.9665092057439516,0.7140715623024685,9449.390079959621,307.8550657549075
ollama_llama8b/real-context_corruption-024,llama,4,1.0,context_corruption,0.9932612353497323,0.9998191650207305,0.9407215340297859,0.4319056347454451,0.8784588565537229,0.8821733611464887,0.7909421492213123,0.9999892110434134,0.9964383075495584,0.9990589343331234,0.9856322197154288,0.9996741005395139,9992.43189506833,1165.4425860052302
ollama_llama8b/real-context_corruption-027,llama,2,1.0,context_corruption,0.037539007387411026,0.14032901022099434,0.8453381443783089,0.3242567493359185,0.9478832150793534,0.3030142379904896,0.3331808578553897,0.6954898146905177,0.7384046260479932,0.09159107309346738,0.7765980920404969,0.16034626281646872,0.0,0.0
ollama_llama8b/real-context_corruption-027,llama,3,1.0,context_corruption,0.06356485655389416,0.26128400125199247,0.8330233434194034,0.6359013008251703,0.9216819801936827,0.27774799438894365,0.4931906849586631,0.534353998518447,0.6859002078699695,0.3729692495673934,0.5252145594091386,0.13109975644930347,363.0911557042077,89.39111783527142
ollama_llama8b/real-context_corruption-028,llama,2,,context_corruption,0.037539007387411026,0.193996374254617,0.5510331942926024,0.8500417454072782,0.4895232201477896,0.3499501493619708,0.12367745139245076,0.8349052302634589,0.019948881217586794,0.09852933553948363,0.06370482298741782,0.82750239047603,0.0,0.0
ollama_llama8b/real-context_corruption-028,llama,3,1.0,context_corruption,0.06977990151573189,0.20783077218783413,0.9515184908678278,0.29539705182141107,0.962199895642275,0.3038682112477305,0.18137382359184473,0.30430670134582133,0.9349381128088023,0.1524099616182895,0.9138182101954286,0.11376598969359587,10140.115301008702,166.26180767950498
ollama_llama8b/real-context_corruption-028,llama,4,1.0,context_corruption,0.10940940809470026,0.13843982221733825,0.9237205035861402,0.696764083053477,0.9626820029737977,0.2515699059141414,0.42090147026147734,0.4281544951929043,0.7890048342669784,0.10200752689695682,0.6925664560184308,0.2982024866452747,10600.620008803498,290.2077924098232
ollama_llama8b/real-context_corruption-029,llama,2,,context_corruption,0.037539007387411026,0.14032901022099434,0.5180049768681032,0.6688005863783062,0.962199895642275,0.25380269576865216,0.31301609093781674,0.25905995859066494,0.02497675814239103,0.11362246547140017,0.11820970781058908,0.07760507502387085,0.0,0.0
ollama_llama8b/real-context_corruption-029,llama,3,1.0,context_corruption,0.06977990151573189,0.0865526929144871,0.8841429253952736,0.18786818238210942,0.9421464598066246,0.26771967511994016,0.21417796625289356,0.4339413302075961,0.9406463695491715,0.06517514311015048,0.9159611518733511,0.16271503294426348,10206.060418656658,166.76495510635542
ollama_llama8b/real-context_corruption-029,llama,4,1.0,context_corruption,0.10940940809470026,0.16760016027067992,0.9126963287521727,0.201900735503827,0.9215219165310393,0.27966214209500173,0.3657020568807292,0.33163537871963206,0.8006066918017986,0.1248180120751959,0.9232261074883478,0.1956089826830831,10684.168634794656,290.681472709447
ollama_llama8b/real-context_corruption-031,llama,2,,context_corruption,0.05651135372631557,0.2385787023963698,0.3966959179082524,0.9495703908565992,0.15008489236297975,0.37938784728458674,0.9455901629046041,0.9999977973532148,0.006934405583906845,0.4471306369054729,0.2691837548602766,0.9990299609729355,0.0,0.0
ollama_llama8b/real-context_corruption-031,llama,3,1.0,context_corruption,0.895759976053159,0.7204104664280041,0.9273962867537636,0.2149049113448982,0.8784588565537229,0.13493053167766414,0.9052562395535184,0.9995973850728592,0.9047990063318113,0.4367353047950431,0.9665092057439516,0.7140715623024685,9422.175720452198,307.3957905507947
ollama_llama8b/real-context_corruption-031,llama,4,1.0,context_corruption,0.9932612353497323,0.9998191650207305,0.9297044535227446,0.4319056347454451,0.8784588565537229,0.873906667083522,0.7542263620247233,0.9999728204386942,0.9964383075495584,0.9990589343331234,0.9874226353438083,0.9996890262182834,9968.022977005994,1163.110990372984
ollama_llama8b/real-context_corruption-034,llama,2,,context_corruption,0.037539007387411026,0.14032901022099434,0.5198802185040827,0.5090034116024738,0.4895232201477896,0.20636998903657433,0.3331808578553897,0.6954898146905177,0.027245244709282777,0.10674800207926441,0.11006650618853296,0.17138411239551046,0.0,0.0
ollama_llama8b/real-context_corruption-034,llama,3,1.0,context_corruption,0.06977990151573189,0.0865526929144871,0.9585157362959059,0.43423026259327413,0.9755308621255123,0.3333691536519818,0.31986926777638464,0.21090859167691678,0.9047074863705115,0.06714566501181471,0.9341646047201276,0.0874255153333733,9991.950875237046,163.78260277678342
ollama_llama8b/real-context_corruption-034,llama,4,1.0,context_corruption,0.10940940809470026,0.16760016027067992,0.6513696710382275,0.7411115424254991,0.9626820029737977,0.26049469141127984,0.4315328560853543,0.06656504419969717,0.5755714425982221,0.5966053462618344,0.8214089003640902,0.07285281111331132,10810.363036695702,305.17680958531093
ollama_llama8b/real-context_corruption-035,llama,2,,context_corruption,0.037539007387411026,0.193996374254617,0.5510331942926024,0.8500417454072782,0.962199895642275,0.2786372767802786,0.12367745139245076,0.8349052302634589,0.019948881217586794,0.09852933553948363,0.09571532199034516,0.82750239047603,0.0,0.0
ollama_llama8b/real-context_corruption-035,llama,3,1.0,context_corruption,0.06977990151573189,0.20783077218783413,0.9502667887175433,0.2583272511622756,0.962199895642275,0.3038682112477305,0.18137382359184473,0.30430670134582133,0.934310621606032,0.14413386415402413,0.9138182101954286,0.11376598969359587,10153.850393230256,166.48904058742488
ollama_llama8b/real-context_corruption-035,llama,4,1.0,context_corruption,0.10940940809470026,0.13843982221733825,0.9277137541250831,0.1801660383868066,0.9626820029737977,0.23040350176029395,0.34228807763509783,0.9601207619072425,0.9189681707861173,0.0931690818133231,0.8510999838453965,0.9368298463725295,10571.807532407816,287.0408675637799
ollama_llama8b/real-context_corruption-036,llama,2,,context_corruption,0.037539007387411026,0.14032901022099434,0.5180049768681032,0.6748963542371946,0.962199895642275,0.25380269576865216,0.31301609093781674,0.25905995859066494,0.02497675814239103,0.10870877853896388,0.11820970781058908,0.07760507502387085,0.0,0.0
ollama_llama8b/real-context_corruption-036,llama,3,1.0,context_corruption,0.06977990151573189,0.0865526929144871,0.8878633250308859,0.18786818238210942,0.962199895642275,0.28159533636524037,0.21417796625289356,0.4339413302075961,0.9114820506261112,0.06517514311015048,0.9159611518733511,0.16271503294426348,10191.391441720996,166.52316215979414
ollama_llama8b/real-context_corruption-036,llama,4,1.0,context_corruption,0.10940940809470026,0.16760016027067992,0.8914729444881021,0.6785481359468165,0.9626820029737977,0.3270474941562735,0.3789456506405035,0.5163659745872511,0.7897229716205291,0.1248180120751959,0.8759178440981705,0.297230292671619,10666.780126913462,289.8121374371995
ollama_llama8b/real-context_corruption-037,llama,2,1.0,context_corruption,0.05651135372631557,0.2385787023963698,0.8148609116718225,0.905947933945721,0.22818838973293465,0.0571021076094887,0.9392749909159881,0.9999909288117504,0.9117204660382661,0.7791804390919196,0.4335233227901659,0.9980776210991098,0.0,0.0
ollama_llama8b/real-context_corruption-037,llama,3,1.0,context_corruption,0.895759976053159,0.7204104664280041,0.9326040386576822,0.1545946803700201,0.8784588565537229,0.13493053167766414,0.9163577687936872,0.999481110241459,0.9162001181461851,0.4367353047950431,0.9365859309205133,0.9167991038233587,364.02237943269273,301.03119983112344
ollama_llama8b/real-context_corruption-037,llama,4,1.0,context_corruption,0.9932612353497323,0.9998191650207305,0.918840845175695,0.19702061596514703,0.8784588565537229,0.7383790994394136,0.8949797398484562,0.9999783985185071,0.9964383075495584,0.999222962238517,0.9915381093506058,0.9998690762583426,595.0889828393754,637.0227406714031
ollama_llama8b/real-context_corruption-039,llama,2,,context_corruption,0.774968493351612,0.9990068883697154,0.3966959179082524,0.9495703908565992,0.15008489236297975,0.37938784728458674,0.46087636674212484,0.9999946189185795,0.3747135723827036,0.9993126365783894,0.6892501256409252,0.9999754496307998,0.0,0.0
ollama_llama8b/real-context_corruption-039,llama,3,1.0,context_corruption,0.9451869236951257,0.99769439939524,0.9365747877216162,0.2149049113448982,0.8784588565537229,0.13493053167766414,0.3018758853884258,0.9988103237925985,0.978704264301519,0.9932437288650473,0.9491879139761566,0.9961984552705816,9462.060764492067,308.068900361552
ollama_llama8b/real-context_corruption-039,llama,4,1.0,context_corruption,0.9519493499694485,0.9997684163309662,0.9192324243887731,0.1762095533051548,0.8784588565537229,0.7383790994394136,0.39743740369309355,0.9999638416542873,0.9866217442353512,0.9991327786944549,0.9718763377744816,0.9996910786423326,9950.799682496141,1163.1115056561118
ollama_llama8b/real-context_corruption-041,llama,2,1.0,context_corruption,0.037539007387411026,0.14032901022099434,0.9041245115157833,0.3242567493359185,0.9478832150793534,0.3030142379904896,0.3331808578553897,0.6954898146905177,0.9122195790897554,0.09159107309346738,0.9018219681246354,0.16034626281646872,0.0,0.0
ollama_llama8b/real-context_corruption-041,llama,3,1.0,context_corruption,0.06977990151573189,0.0865526929144871,0.9597809468544807,0.5611830830153304,0.9421464598066246,0.3839367919489822,0.31986926777638464,0.21090859167691678,0.9389283608214642,0.08714045788103698,0.9248282924773455,0.0874255153333733,262.18531658865265,60.886421533334925
ollama_llama8b/real-context_corruption-041,llama,4,1.0,context_corruption,0.10940940809470026,0.16760016027067992,0.7895170546567445,0.12288522179999876,0.9215219165310393,0.23541271790938184,0.47384110785335776,0.1611279021916197,0.7618323764962966,0.1279819599486802,0.7619249969556154,0.18103601046218282,434.85806319159303,146.42827682696756
ollama_llama8b/real-context_corruption-042,llama,2,1.0,context_corruption,0.037539007387411026,0.193996374254617,0.910936344773843,0.18123943112252114,0.8676937225792667,0.2859404802799176,0.12367745139245076,0.8349052302634589,0.8729325487202394,0.0786694563417013,0.882049026824816,0.8119396760784611,0.0,0.0
ollama_llama8b/real-context_corruption-042,llama,3,1.0,context_corruption,0.06977990151573189,0.20783077218783413,0.935640546713845,0.284717160956521,0.3985206106712218,0.4239135191615458,0.18137382359184473,0.30430670134582133,0.9378037552901227,0.14413386415402413,0.36735859570266033,0.1356738421516566,275.6024210057858,63.65646827604533
ollama_llama8b/real-context_corruption-042,llama,4,1.0,context_corruption,0.10940940809470026,0.13843982221733825,0.7184020983722891,0.4515251250948826,0.5958374334381831,0.283086987075128,0.3668313296905749,0.8435940496386443,0.6669797135768033,0.10715011374282868,0.15935673184601234,0.564842903572266,487.3521817885043,154.2531402088759
ollama_llama8b/real-context_corruption-043,llama,2,1.0,context_corruption,0.037539007387411026,0.14032901022099434,0.8116499150284476,0.43333284363464564,0.3985206106712218,0.23147280164824152,0.31301609093781674,0.25905995859066494,0.8830357692129938,0.11811698275751356,0.5033424124225655,0.07039051953750357,0.0,0.0
ollama_llama8b/real-context_corruption-043,llama,3,1.0,context_corruption,0.06977990151573189,0.0865526929144871,0.8483781662771704,0.24874342879207317,0.3985206106712218,0.3695997274157661,0.21417796625289356,0.4339413302075961,0.9171773656236365,0.06324787557959066,0.3488523256003502,0.16271503294426348,262.72409301607223,60.869537933067804
ollama_llama8b/real-context_corruption-043,llama,4,1.0,context_corruption,0.10940940809470026,0.16760016027067992,0.43851106153976466,0.2821814499201637,0.5958374334381831,0.2934247524445651,0.49656528596215843,0.3734579000705124,0.5536470179222523,0.4318880909960842,0.2748584437022632,0.2810621856370517,411.28357367308445,145.76603846719377
ollama_llama8b/real-context_corruption-044,llama,2,,context_corruption,0.05651135372631557,0.2385787023963698,0.43666246765950256,0.9628094913805801,0.029334807333497765,0.334360820019296,0.9392749909159881,0.9999909288117504,0.006847049848642327,0.7542308353260729,0.07578315105669065,0.9981130674533966,0.0,0.0
ollama_llama8b/real-context_corruption-044,llama,3,1.0,context_corruption,0.895759976053159,0.7204104664280041,0.9394534632204796,0.1545946803700201,0.8784588565537229,0.9809842124544299,0.958332124819974,0.999650522193624,0.9357492925447792,0.4367353047950431,0.960790288253896,0.8592092741945119,9565.648772792974,314.67929583558515
ollama_llama8b/real-context_corruption-044,llama,4,1.0,context_corruption,0.9932612353497323,0.9998191650207305,0.9490616099557784,0.3945752334957356,0.8784588565537229,0.9809842124544299,0.8838072124853884,0.9999190991698891,0.9965614949636946,0.9992181178760255,0.9874253670099457,0.9990201653164523,10104.431232089803,1180.040771639423
ollama_llama8b/real-context_corruption-046,llama,2,,context_corruption,0.774968493351612,0.9990068883697154,0.4890652129813927,0.9548264252070076,0.15008489236297975,0.37938784728458674,0.46087636674212484,0.9999946189185795,0.3747135723827036,0.9993111126448009,0.6892501256409252,0.9999754496307998,0.0,0.0
ollama_llama8b/real-context_corruption-046,llama,3,1.0,context_corruption,0.9451869236951257,0.99769439939524,0.9522290729804415,0.2041288602786073,0.8784588565537229,0.13493053167766414,0.3018758853884258,0.9988103237925985,0.9908046594483505,0.9932437288650473,0.982823277681548,0.9961984552705816,9251.478689026608,304.51517280802915
ollama_llama8b/real-context_corruption-046,llama,4,1.0,context_corruption,0.9519493499694485,0.9998191650207305,0.9210935318380126,0.7445520068590583,0.8784588565537229,0.873906667083522,0.3574846526785825,0.9998064529629603,0.9858005918049912,0.9988689351805916,0.9675376371420312,0.9995949526976625,9813.700487136473,1151.2258432658323
ollama_llama8b/real-context_corruption-048,llama,2,1.0,context_corruption,0.9963257761997627,0.9990321439944694,0.9259698899992047,0.2445869511853328,0.8784588565537229,0.9809842124544299,0.7162826689387238,0.9968180911800535,0.9987160624611929,0.9935423764793891,0.9918407578119589,0.9922195928967478,0.0,0.0
ollama_llama8b/real-context_corruption-048,llama,3,1.0,context_corruption,0.9932797056236473,0.7179875826449293,0.9019454619347634,0.17364217928251893,0.6666185485967777,0.12192366446361098,0.8952911729492424,0.3712538063311265,0.997433687577904,0.33980315763647306,0.9814907564485629,0.2569585313441496,448.481784870916,179.13321980341254
ollama_llama8b/real-context_corruption-050,llama,2,,context_corruption,0.037539007387411026,0.14032901022099434,0.5180049768681032,0.6748963542371946,0.4895232201477896,0.2412576710595795,0.31301609093781674,0.25905995859066494,0.02497675814239103,0.10870877853896388,0.08841047845524141,0.07760507502387085,0.0,0.0
ollama_llama8b/real-context_corruption-050,llama,3,1.0,context_corruption,0.06977990151573189,0.0865526929144871,0.9222600771069924,0.18786818238210942,0.9755308621255123,0.3393236618258877,0.21417796625289356,0.4339413302075961,0.9196548432070318,0.052836292173994284,0.9072617748203086,0.16050652716042324,10073.73203278583,164.5839421875311
ollama_llama8b/real-context_corruption-050,llama,4,1.0,context_corruption,0.10940940809470026,0.16760016027067992,0.9230943025306918,0.1978524657352319,0.9626820029737977,0.28290474008625477,0.42434636167567896,0.669764316034387,0.7946832069054957,0.12631600794963235,0.8603566750197874,0.09652437690063528,10577.188448594263,290.36511611023536
ollama_llama8b/real-context_corruption-051,llama,2,1.0,context_corruption,0.05651135372631557,0.2385787023963698,0.8576922365602482,0.905947933945721,0.12224391041120611,0.25869074865267216,0.9392749909159881,0.9999909288117504,0.9075676142111051,0.7465499850220846,0.405273750164081,0.9984095454178903,0.0,0.0
ollama_llama8b/real-context_corruption-051,llama,3,1.0,context_corruption,0.895759976053159,0.7204104664280041,0.9225472326075553,0.14627932356591017,0.8784588565537229,0.13493053167766414,0.958332124819974,0.999650522193624,0.9430442999007305,0.4367353047950431,0.9622437204525427,0.852311673258779,363.59684689332494,300.75258482207397
ollama_llama8b/real-context_corruption-051,llama,4,1.0,context_corruption,0.9932612353497323,0.9997684163309662,0.8870043746718576,0.822536832728656,0.8784588565537229,0.873906667083522,0.7443461893681875,0.9999333946672279,0.9960199202908905,0.9990910315264477,0.9874127241008206,0.9989702663847317,570.914153647081,632.8152837544972
ollama_llama8b/real-context_corruption-053,llama,2,1.0,context_corruption,0.774968493351612,0.9990068883697154,0.7843681383405942,0.8804170793921084,0.8484159197103313,0.8401096953223885,0.46087636674212484,0.9999946189185795,0.9093584952369671,0.9991114803875278,0.907840956686524,0.9999637178812596,0.0,0.0
ollama_llama8b/real-context_corruption-053,llama,3,1.0,context_corruption,0.9451869236951257,0.99769439939524,0.9052157119253362,0.2041288602786073,0.8784588565537229,0.13493053167766414,0.4297567270740198,0.9980486293898447,0.9850915830008553,0.9932437288650473,0.9695919413126877,0.9973067458130226,326.8896346210295,295.110023154597
ollama_llama8b/real-context_corruption-053,llama,4,1.0,context_corruption,0.9519493499694485,0.9997684163309662,0.8891582642941329,0.8919501943183783,0.8784588565537229,0.8821733611464887,0.3927349204545409,0.9999388871926659,0.9836440959824254,0.9991988550303724,0.9805090508540029,0.9997961801451334,502.8549788861563,618.2280467681799
ollama_llama8b/real-context_corruption-055,llama,2,1.0,context_corruption,0.9963257761997627,0.9990321439944694,0.9280618579116601,0.3550045875412716,0.8784588565537229,0.9809842124544299,0.6738555105015955,0.998318483068102,0.9986485533677844,0.9964027887055386,0.9917336130903655,0.9967571221865239,0.0,0.0
ollama_llama8b/real-context_corruption-055,llama,3,1.0,context_corruption,0.9932797056236473,0.7179875826449293,0.8060891285038516,0.23741985014108763,0.6666185485967777,0.14520090007241823,0.7513370798058626,0.5890105643008438,0.9954449854888532,0.39574426106625804,0.9671918693549413,0.48087287009719054,593.5157504117012,184.05951811156385
ollama_llama8b/real-context_corruption-057,llama,2,1.0,context_corruption,0.037539007387411026,0.193996374254617,0.8430656384977985,0.20708156681106618,0.9421464598066246,0.5171435896015186,0.3362936632934454,0.4691212223274702,0.8473443170716366,0.11349063772759592,0.9280248324866612,0.1586807668064921,0.0,0.0
ollama_llama8b/real-context_corruption-057,llama,3,1.0,context_corruption,0.06977990151573189,0.20783077218783413,0.9008355319671983,0.331843353536418,0.42473868827028965,0.47584371979258944,0.2732492512478962,0.344559692602343,0.9108216281829825,0.1518040444218093,0.4895444374055511,0.1204816689068268,255.15737795464227,58.075574226246026
ollama_llama8b/real-context_corruption-057,llama,4,1.0,context_corruption,0.10940940809470026,0.13843982221733825,0.9049858274995831,0.3713219588420747,0.6556201651280448,0.42370533343303696,0.34094000430727395,0.9340350852425762,0.8509535966254201,0.0962860487170779,0.37252822802692476,0.8380199886618857,333.8953658102407,133.8384114068836
ollama_llama8b/real-context_corruption-058,llama,2,,context_corruption,0.037539007387411026,0.09185265103779176,0.7358555561632327,0.4980892460430938,0.4895232201477896,0.22569802923274576,0.2138086673332924,0.3958934185060685,0.01869721240507697,0.0759389107384944,0.08239116165044118,0.09299775096694303,0.0,0.0
ollama_llama8b/real-context_corruption-058,llama,3,1.0,context_corruption,0.06977990151573189,0.12294878749056967,0.9631064626137965,0.2611165687171246,0.9755308621255123,0.305700480163831,0.16623544199291532,0.18901749910150117,0.8903264303600182,0.0975226547229709,0.9409368145121528,0.05006955004808405,10212.206829205725,170.06653110193284
ollama_llama8b/real-context_corruption-058,llama,4,1.0,context_corruption,0.10940940809470026,0.16760016027067992,0.744339944001569,0.1891989273553829,0.9626820029737977,0.2491393129036302,0.48411375808614215,0.3499831945588526,0.694667451783264,0.1268946090027272,0.8865057121264653,0.057544732745043445,10783.134395496856,306.4714280317502
real/real-github_repo_analysis-healthy-01,gemini,2,0.0,healthy,0.18423843782163468,0.9997032181237951,0.6380716775926475,0.38212844058906037,0.34890146724868376,0.5703100933110451,0.3153081906425201,0.7015462886853815,0.9787874718382056,0.9987770710472645,0.9591845534836333,0.9551323393470635,0.0,0.0
real/real-github_repo_analysis-healthy-01,gemini,3,0.0,healthy,0.19164476937230415,0.9993247153499342,0.5201945135596634,0.42519078434804186,0.2789702905608249,0.19233422002786044,0.3464625089194834,0.4491685397246472,0.9763187596594987,0.9982609223186161,0.9717880966098379,0.9297700949998914,138379.3062752158,3.961872339872584
real/real-github_repo_analysis-healthy-01,gemini,4,0.0,healthy,0.22897074818561275,0.9995080523046468,0.46993091649603963,0.9587506539455607,0.24501818788891574,0.26606862312009144,0.2042037878075107,0.8836300187809578,0.7288505335700748,0.9995036915599986,0.6146735042229898,0.9886886249357614,492796.5803558971,7.600991891437474
real/real-workspace_file_qa-healthy-02,gemini,2,0.0,healthy,0.08970009382581981,0.9989677240135684,0.6358109611929054,0.4888680681025652,0.11745766465754712,0.8357757238820666,0.9606774446190718,0.9652590175937784,0.9928865486844514,0.9976796756551057,0.9830535012541858,0.996624387746217,0.0,0.0
real/real-workspace_file_qa-healthy-02,gemini,3,0.0,healthy,0.08025627119395809,0.9989806360643015,0.6357183612933064,0.4693455699818195,0.15388590092759818,0.9253389395450886,0.936994564754522,0.9402349518307304,0.9690943920785583,0.9957665231804481,0.9746002354770212,0.990051140680771,350962.25244105194,10.789513092875634
real/real-multi_city_weather-healthy-05,gemini,2,0.0,healthy,0.7681873875346246,0.4656328030632818,0.6616214829043907,0.955329954159721,0.2671691104775236,0.3705851840944184,0.293020358039241,0.5765885082982904,0.9971769923649829,0.8791832077003773,0.9603249579726025,0.31825948110572405,0.0,0.0
real/real-multi_city_weather-healthy-05,gemini,3,0.0,healthy,0.01934631280502887,0.7390174404276231,0.6340457034930929,0.5446938141962692,0.11239397010731628,0.24545386097141622,0.19334079525334066,0.20917098425476027,0.9596766272226952,0.6197921751038113,0.8339035039223798,0.16358569283775906,386457.89661869395,8.190458204752796
real/real-multi_city_weather-healthy-05,gemini,4,0.0,healthy,0.013467086200314648,0.8896038675269937,0.6340457034930929,0.49603222918622486,0.11239397010731628,0.18098524392409443,0.3556084003998753,0.34063586940665347,0.968537129356275,0.6680646581626463,0.8391184736457213,0.241052833927593,677629.7874438749,16.517679943828142
real/real-ecommerce_sql_python_calculation-healthy-09,gemini,2,0.0,healthy,0.36906026554568216,0.4849799647346899,0.6870654684635323,0.984044182123043,0.02488184389095199,0.4933667978850104,0.8370229920941665,0.4812674792584974,0.9569760514552375,0.7145911471887457,0.9591161433551318,0.3876839707088532,0.0,0.0
real/real-ecommerce_sql_python_calculation-healthy-09,gemini,3,0.0,healthy,0.7292333666950334,0.7483814246986337,0.8277821883191269,0.8328057531474723,0.03231566639821738,0.6435889210828295,0.7057660431208757,0.5662068614856828,0.9916182457166095,0.8527444752536131,0.9685237725231464,0.7687381055877935,340293.97487033193,5.550304100849944
real/real-ecommerce_sql_python_calculation-rate_limit-09,gemini,2,1.0,rate_limit,0.9674347529693614,0.26221970589811144,0.7227670025290602,0.37753620241053637,0.02488184389095199,0.4742739723423642,0.8180899396155001,0.5822371298007376,0.9982830947858194,0.35829688263130527,0.9868471706277164,0.441498433024084,0.0,0.0
real/real-ecommerce_sql_python_calculation-rate_limit-09,gemini,3,1.0,rate_limit,0.33964188594988837,0.664048450676934,0.752698827010278,0.8708592070179362,0.04251831629514385,0.4256485475549575,0.8017638938104074,0.6994361611897725,0.9915189810868384,0.6340494452635387,0.966147085782518,0.6052836361692598,353971.26132585615,12.60656163434381
real/real-ecommerce_sql_python_calculation-rate_limit-09,gemini,4,1.0,rate_limit,0.5776927956329053,0.5771474693214698,0.8418447392744062,0.8119179602221243,0.040050633462131814,0.6397862855380236,0.7267720819156102,0.32554704221367126,0.9952500271496064,0.5295252136746583,0.9844339712573639,0.4518843158093763,673334.1431003597,29.34629287840678
real/real-github_repo_analysis-healthy-seed812-01,gemini,2,0.0,healthy,0.18423843782163468,0.9997032181237951,0.6380716775926475,0.3715922236506129,0.34890146724868376,0.5247668102615501,0.2211619410114277,0.7015462886853815,0.9787874718382056,0.9989458291917391,0.9574547341799053,0.9536796824131246,0.0,0.0
real/real-github_repo_analysis-healthy-seed812-01,gemini,3,0.0,healthy,0.19164476937230415,0.9993247153499342,0.5201945135596634,0.45730217964456615,0.15691599644591825,0.23908698254180596,0.317371407696523,0.481060597092229,0.9763187596594987,0.9986321003517483,0.9704049889553855,0.9297700949998914,136761.222523708,4.006121716293714
real/real-github_repo_analysis-healthy-seed812-01,gemini,4,0.0,healthy,0.22897074818561275,0.9995080523046468,0.610968779021548,0.7694228958014362,0.24501818788891574,0.28887430838170053,0.3078852214227322,0.8555359557884051,0.97664532777381,0.9983351131441295,0.9609228569333489,0.9715000971619423,433426.0782542656,8.112440704899788
real/real-workspace_file_qa-healthy-seed812-02,gemini,2,0.0,healthy,0.08970009382581981,0.9989677240135684,0.6358109611929054,0.4603623375052144,0.11745766465754712,0.8357757238820666,0.9606774446190718,0.9652590175937784,0.9928865486844514,0.9970122334751935,0.9830535012541858,0.996624387746217,0.0,0.0
real/real-workspace_file_qa-healthy-seed812-02,gemini,3,0.0,healthy,0.08025627119395809,0.9989806360643015,0.6415362448151564,0.3479741788758694,0.15388590092759818,0.9253389395450886,0.9504120160251043,0.9249371085433501,0.9848561795796139,0.9949847366053095,0.9843226538430552,0.9855420408441949,379908.9153184756,10.093973387295648
real/real-multi_city_weather-healthy-seed812-05,gemini,2,0.0,healthy,0.7681873875346246,0.4656328030632818,0.6616214829043907,0.955329954159721,0.2671691104775236,0.3705851840944184,0.38714429891242974,0.4503021802861521,0.9971769923649829,0.8791756127932171,0.9705007763200957,0.1699665858385134,0.0,0.0
real/real-multi_city_weather-healthy-seed812-05,gemini,3,0.0,healthy,0.01934631280502887,0.7390174404276231,0.6340457034930929,0.5335757810999621,0.11239397010731628,0.24545386097141622,0.30429487088061863,0.21810510179232104,0.9596766272226952,0.6212392407251759,0.8891706816462054,0.3057531631723672,382070.9162147553,8.772073150585197
real/real-multi_city_weather-healthy-seed812-05,gemini,4,0.0,healthy,0.013467086200314648,0.8896038675269937,0.6340457034930929,0.49603222918622486,0.11239397010731628,0.18098524392409443,0.3572784264390991,0.3770505117189679,0.968537129356275,0.6748790404183054,0.8623221901556016,0.2561515404664378,681016.1455246995,16.563597755807894
real/real-ecommerce_sql_python_calculation-healthy-seed812-09,gemini,2,0.0,healthy,0.7444602982608829,0.4849799647346899,0.7198719210790618,0.4478088276396718,0.02488184389095199,0.4933667978850104,0.8107373294979814,0.5431209613686969,0.989035573774428,0.16366283410784394,0.983496040139915,0.40030829855691114,0.0,0.0
real/real-ecommerce_sql_python_calculation-healthy-seed812-09,gemini,3,0.0,healthy,0.9005147988818194,0.7483814246986337,0.8277821883191269,0.2782129981750416,0.03231566639821738,0.6435889210828295,0.6945479416515035,0.554428800049392,0.9919745431818485,0.4358171107001372,0.9724585117186411,0.695201474353848,277084.7530426538,5.462830425437621
real/real-github_repo_analysis-healthy-seed813-01,gemini,2,0.0,healthy,0.18423843782163468,0.9997032181237951,0.32330119935148033,0.39494003902133024,0.34890146724868376,0.5703100933110451,0.3123853412584801,0.6187059442819798,0.8747231271049758,0.9987770710472645,0.7577000702118128,0.9551323393470635,0.0,0.0
real/real-github_repo_analysis-healthy-seed813-01,gemini,3,0.0,healthy,0.15729686008813856,0.9993247153499342,0.2859547344926414,0.38172005822086935,0.24595280194853797,0.2628878003079368,0.2804482999895874,0.4679001280674809,0.8618527763585784,0.998157019925761,0.810619695129491,0.9297700949998914,129629.44826952461,3.9211156124332476
real/real-github_repo_analysis-healthy-seed813-01,gemini,4,0.0,healthy,0.14770151993873312,0.9995080523046468,0.37827198921181315,0.9587506539455607,0.24501818788891574,0.26606862312009144,0.2741203811448876,0.8324824353326072,0.7322392272203633,0.9995036915599986,0.6158945744071873,0.9874461343321819,425815.771606663,7.2709336046793505
real/real-workspace_file_qa-healthy-seed813-02,gemini,2,0.0,healthy,0.08970009382581981,0.9985610431880974,0.6340457034930929,0.46527731410651973,0.11745766465754712,0.8357757238820666,0.5612761882168644,0.2558100754934379,0.9928865486844514,0.9968419761136229,0.9719193225470126,0.9828036859192454,0.0,0.0
real/real-workspace_file_qa-healthy-seed813-02,gemini,3,0.0,healthy,0.10046763425440818,0.9989677240135684,0.6358109611929054,0.417883480739381,0.12085633955730804,0.7803255017586768,0.8806505412622926,0.8095118150661513,0.9928865486844514,0.9968471227313841,0.9842360057731462,0.9870936672635392,269141.76056023984,5.087361861417692
real/real-workspace_file_qa-healthy-seed813-02,gemini,4,0.0,healthy,0.21219932961615137,0.9989806360643015,0.6357183612933064,0.6099445385901929,0.15388590092759818,0.9253389395450886,0.8596407232037654,0.9516434591320999,0.9690943920785583,0.9972495563931514,0.9639941999534258,0.994526915178815,640839.8846974846,18.286003892570314
real/real-multi_city_weather-healthy-seed813-05,gemini,2,0.0,healthy,0.7681873875346246,0.4656328030632818,0.6616214829043907,0.9591370006667461,0.2671691104775236,0.3705851840944184,0.38714429891242974,0.4503021802861521,0.9969103426602088,0.8585919799524242,0.9691368509187026,0.27813475964425005,0.0,0.0
real/real-multi_city_weather-healthy-seed813-05,gemini,3,0.0,healthy,0.01934631280502887,0.7390174404276231,0.6340457034930929,0.7199075197170443,0.11239397010731628,0.24545386097141622,0.30429487088061863,0.21810510179232104,0.9596766272226952,0.774600491146402,0.8891706816462054,0.483097015992855,382070.9162147553,10.54816769277321
real/real-multi_city_weather-healthy-seed813-05,gemini,4,0.0,healthy,0.013467086200314648,0.8896038675269937,0.9312521626770858,0.5188742119039097,0.11239397010731628,0.18098524392409443,0.3572784264390991,0.3770505117189679,0.9820034188066977,0.6683145055413989,0.9438418536025652,0.26821376606755826,681016.1455246995,27.624771314556355
real/real-ecommerce_sql_python_calculation-healthy-seed813-09,gemini,2,0.0,healthy,0.36906026554568216,0.4849799647346899,0.6870654684635323,0.9827868772016355,0.02488184389095199,0.4742739723423642,0.7577767066493566,0.5444754880073274,0.9569760514552375,0.7879574737734479,0.9439360282210735,0.3906892695334236,0.0,0.0
real/real-ecommerce_sql_python_calculation-healthy-seed813-09,gemini,3,0.0,healthy,0.7292333666950334,0.7483814246986337,0.8277821883191269,0.8740752753001779,0.03231566639821738,0.5218418756093295,0.6645676842101125,0.13012268183930828,0.9916182457166095,0.8327218002647335,0.9735921846008583,0.3893401212354895,309507.76386334025,5.58907754904331
real/real-arxiv_paper_search-healthy-seed814-00,gemini,2,0.0,healthy,0.025673426206994445,0.6300959518143409,0.053012624501235256,0.9894774624267406,0.037036767661163233,0.42192435999849937,0.36617804072939947,0.4174449466260915,0.11181543494676957,0.9564803491085889,0.09888941445346475,0.7727424886515344,0.0,0.0
real/real-arxiv_paper_search-healthy-seed814-00,gemini,3,0.0,healthy,0.02696136875256277,0.8435890729588723,0.09722983944242129,0.990431030474446,0.03231566639821738,0.5218418756093295,0.14149354391478444,0.1607481596266778,0.05880085077894434,0.9695588504030819,0.0784119374094411,0.6882691551012581,226928.40166877356,3.766872469113311
real/real-github_repo_analysis-healthy-seed814-01,gemini,2,0.0,healthy,0.18423843782163468,0.9997032181237951,0.6380716775926475,0.4295157323503273,0.34890146724868376,0.5703100933110451,0.2211619410114277,0.7015462886853815,0.9787874718382056,0.9988050288809056,0.9574547341799053,0.9551323393470635,0.0,0.0
real/real-github_repo_analysis-healthy-seed814-01,gemini,3,0.0,healthy,0.19164476937230415,0.9993247153499342,0.5201945135596634,0.42909187690978023,0.15691599644591825,0.18803086146765274,0.317371407696523,0.481060597092229,0.9763187596594987,0.998365558058185,0.9704049889553855,0.9297700949998914,136761.222523708,4.006121716293714
real/real-github_repo_analysis-healthy-seed814-01,gemini,4,0.0,healthy,0.22897074818561275,0.9995080523046468,0.6308808149356522,0.7235383086981462,0.24501818788891574,0.28887430838170053,0.21838348943605654,0.7143725552113925,0.97664532777381,0.9983351131441295,0.9635911756141241,0.9517116661506589,486616.67761488026,7.897969423212706
real/real-workspace_file_qa-healthy-seed814-02,gemini,2,0.0,healthy,0.08970009382581981,0.9989677240135684,0.6358109611929054,0.4603623375052144,0.12085633955730804,0.8357757238820666,0.9606774446190718,0.9652590175937784,0.9928865486844514,0.9970122334751935,0.9830377106376524,0.996624387746217,0.0,0.0
real/real-workspace_file_qa-healthy-seed814-02,gemini,3,0.0,healthy,0.08025627119395809,0.9989806360643015,0.9489092609677928,0.42080533383770335,0.15388590092759818,0.9253389395450886,0.9367744747324613,0.9154549378532149,0.9841096995117341,0.9954843981708006,0.9918629277470609,0.9814676314299662,364559.58094335493,11.207546068319695
real/real-multi_city_weather-healthy-seed814-05,gemini,2,0.0,healthy,0.7681873875346246,0.4656328030632818,0.6616214829043907,0.955329954159721,0.2671691104775236,0.3705851840944184,0.38714429891242974,0.4503021802861521,0.9971769923649829,0.8791832077003773,0.9705007763200957,0.18849939661606832,0.0,0.0
real/real-multi_city_weather-healthy-seed814-05,gemini,3,0.0,healthy,0.01934631280502887,0.7390174404276231,0.6340457034930929,0.5083861147241422,0.11239397010731628,0.24545386097141622,0.30429487088061863,0.21810510179232104,0.9596766272226952,0.5379872094739133,0.8891706816462054,0.17815386312586018,382070.9162147553,8.718525245185607
real/real-multi_city_weather-healthy-seed814-05,gemini,4,0.0,healthy,0.013467086200314648,0.8896038675269937,0.9485583027070024,0.5947500834974557,0.18161006776609412,0.18098524392409443,0.3572784264390991,0.3770505117189679,0.9838186589016286,0.6689642348292649,0.9436837959169203,0.26821376606755826,681016.1455246995,21.94908491734131
real/real-ecommerce_sql_python_calculation-healthy-seed814-09,gemini,2,0.0,healthy,0.7444602982608829,0.4849799647346899,0.7227670025290602,0.4478088276396718,0.02488184389095199,0.4933667978850104,0.7752360033180135,0.7844536045168564,0.9895932619383712,0.16366283410784394,0.9797695477186124,0.5257946375476169,0.0,0.0
real/real-ecommerce_sql_python_calculation-healthy-seed814-09,gemini,3,0.0,healthy,0.9005147988818194,0.7483814246986337,0.7816733987261609,0.2737601803822629,0.03231566639821738,0.6435889210828295,0.752936603987516,0.23326330861771194,0.9909962617639049,0.4227319387211077,0.9737601698760058,0.45788195761655637,309909.4001686957,5.161613841164054
real_gemini_long/real-healthy-000,gemini,2,0.0,healthy,0.7696721854949075,0.5072193122037113,0.681797149885516,0.3868691281269546,0.40358397366470855,0.1908162460982458,0.5322761523893065,0.3731715397371746,0.986917661827897,0.33697432791477405,0.9450028618650248,0.09091518887248541,0.0,0.0
real_gemini_long/real-healthy-000,gemini,3,0.0,healthy,0.8788792212003441,0.08193326507499392,0.5312406908413723,0.4027890610511458,0.5283800219301595,0.08769944161113397,0.6880742794410942,0.7264746067185942,0.9980000234128209,0.08668144009005661,0.9529179713071639,0.21780735377504348,243000.19720888062,13.141259931405013
real_gemini_long/real-healthy-000,gemini,4,0.0,healthy,0.39475685723186743,0.46849749481530695,0.73553053128178,0.9240976854317232,0.44336254278870374,0.6256768437845486,0.6509591158421209,0.8815176369572836,0.9899879613406873,0.8107042818498,0.862413360846328,0.7798550476268171,416123.4818680886,28.543460649880785
real_gemini_long/real-healthy-001,gemini,2,0.0,healthy,0.9147109309485473,0.24559761855350407,0.6836806362183065,0.41917293326346794,0.07169175646656543,0.42361579401427907,0.811762252913451,0.768442991761175,0.9974955416069762,0.21940731683802095,0.9923857609830365,0.5818122643021355,0.0,0.0
real_gemini_long/real-healthy-001,gemini,3,0.0,healthy,0.6679591329028568,0.15305385112541298,0.6836806362183065,0.4508615759619315,0.34890146724868376,0.6464516395088417,0.679053362082377,0.43099866116878605,0.997034290991802,0.06307013169675954,0.980577332242761,0.12342701827953319,155822.877404855,8.194329801976886
real_gemini_long/real-healthy-001,gemini,4,0.0,healthy,0.47137682802971115,0.15736971606586084,0.6616214829043907,0.7633992835079567,0.4383491871120917,0.7899209513111157,0.7021601446147728,0.4503889020845682,0.9923067241902731,0.4074207802952586,0.9323591568579319,0.7742897317706051,350910.9119263351,14.516478962206046
real_gemini_long/real-healthy-003,gemini,2,0.0,healthy,0.9147109309485473,0.4597442384613793,0.5710622230977062,0.3659418897420275,0.15552645772159876,0.050567624204179665,0.5361950722105076,0.21660391086514855,0.9953757039662623,0.21748792090724153,0.9593503908466552,0.058562204293235026,0.0,0.0
real_gemini_long/real-healthy-003,gemini,3,0.0,healthy,0.6679591329028568,0.2178112059467681,0.5710622230977062,0.47282417822526246,0.34890146724868376,0.07509684771064448,0.3613278645764289,0.20501338778082948,0.9943333094287332,0.08117180277615327,0.9493962197955468,0.0630807534277294,278177.91826168547,7.0393268615379725
real_gemini_long/real-healthy-003,gemini,4,0.0,healthy,0.5217289293718123,0.778097588910745,0.6540784520728038,0.27929659751704616,0.24501818788891574,0.12496998646586459,0.3145817291783648,0.21495437513444882,0.9833700646177043,0.5273199745716355,0.9545727983236794,0.155411090774795,474198.3496342065,26.862714017273465
real_gemini_long/real-healthy-004,gemini,2,0.0,healthy,0.9147109309485473,0.4597442384613793,0.6878646135142067,0.6025057013203833,0.1254332429587531,0.28898252138325403,0.17704653408195087,0.395593655764037,0.9974955416069762,0.4819134679815918,0.9790387978753989,0.38953989706736186,0.0,0.0
real_gemini_long/real-healthy-004,gemini,3,0.0,healthy,0.6679591329028568,0.2178112059467681,0.6261577996728006,0.6280721952572161,0.34890146724868376,0.2934490212487888,0.26612867572028853,0.22250592628682533,0.9969156153578759,0.19875038328070774,0.984182294544543,0.12740750998410308,146145.758888841,6.727563505020202
real_gemini_long/real-healthy-004,gemini,4,0.0,healthy,0.47137682802971115,0.28123865550330285,0.6616214829043907,0.47610455554528136,0.40358397366470855,0.5710992714487703,0.26295281848368063,0.22031216955594685,0.9923067241902731,0.30201938981002624,0.9238051064400478,0.10097922317961631,353456.0125776689,16.149299036720766
real_gemini_long/real-healthy-005,gemini,2,0.0,healthy,0.9147109309485473,0.38968039866945764,0.5859050264192976,0.465193685086,0.18944869520723756,0.09732760795960457,0.11896433415702837,0.5217987002106559,0.9941893762928423,0.22034101129948683,0.9645003964469465,0.11801649275849002,0.0,0.0
real_gemini_long/real-healthy-005,gemini,3,0.0,healthy,0.6679591329028568,0.26511886205219193,0.5810871850578722,0.3632578357009011,0.34890146724868376,0.10233401798326551,0.12758254678700381,0.5151344410581254,0.9945507994834569,0.08912704399355136,0.9679870143060924,0.11736624199577368,225487.15781228006,8.804120214716466
real_gemini_long/real-healthy-005,gemini,4,0.0,healthy,0.47137682802971115,0.14607808963218355,0.608484456397425,0.8893619847154853,0.1254332429587531,0.1142153001532188,0.17478215036099648,0.5084428787992742,0.9859202631486349,0.07416872337512921,0.9445545881381661,0.09841451286632016,385062.30324959673,19.204939024697048
real_gemini_long/real-healthy-006,gemini,2,0.0,healthy,0.9147109309485473,0.20378304905333822,0.6765237543851849,0.43537801155050243,0.15552645772159876,0.10786317715692541,0.1940174761560711,0.5774332189117951,0.9974136448842716,0.38885156700699586,0.9887140262606186,0.12373844046671208,0.0,0.0
real_gemini_long/real-healthy-006,gemini,3,0.0,healthy,0.6679591329028568,0.054665684648613294,0.5178523508889386,0.6321584720754938,0.34890146724868376,0.45440642062751185,0.06706709034180411,0.3709761266170249,0.9969626286607066,0.14974160849055823,0.9702125468248497,0.07895789090212438,214850.51112157622,9.536664424432212
real_gemini_long/real-healthy-006,gemini,4,0.0,healthy,0.47137682802971115,0.09409195562101767,0.5819631916792646,0.5220721989053927,0.5331909798231894,0.700758520118753,0.33159392393377984,0.4299753318339218,0.9915074436986827,0.2504943531562514,0.9431992413479928,0.06346553681586274,445387.02860771166,22.079100154192098
real_gemini_long/real-healthy-007,gemini,2,0.0,healthy,0.9147109309485473,0.24559761855350407,0.5859050264192976,0.2844532781882261,0.18944869520723756,0.6021286406802236,0.28916021152526517,0.5506208300907635,0.9953965190247793,0.19507164416066378,0.9817647426154845,0.3011491843149787,0.0,0.0
real_gemini_long/real-healthy-007,gemini,3,0.0,healthy,0.6679591329028568,0.15305385112541298,0.6835924144473453,0.5283317170875731,0.34890146724868376,0.24135419854326196,0.08006817229180287,0.1966061772769216,0.997034290991802,0.10764601482490072,0.99089888448862,0.114424176347483,185376.51652931544,8.551258742003377
real_gemini_long/real-healthy-007,gemini,4,0.0,healthy,0.47137682802971115,0.15736971606586084,0.7076584618049234,0.3318707656771228,0.40358397366470855,0.193317170479227,0.10770784386193005,0.20920466563602544,0.9923067241902731,0.0711722434303864,0.960315915716978,0.07718208131042321,400840.2690827921,18.58745259105143
real_gemini_long/real-healthy-008,gemini,2,0.0,healthy,0.9147109309485473,0.24559761855350407,0.5710622230977062,0.3251833896516455,0.1254332429587531,0.13025485097045672,0.35218110295100774,0.47683838110941934,0.9935772548559906,0.19507164416066378,0.9782529977544936,0.18184522194401465,0.0,0.0
real_gemini_long/real-healthy-008,gemini,3,0.0,healthy,0.6679591329028568,0.15305385112541298,0.5710622230977062,0.46281029511422433,0.34890146724868376,0.15805316576475698,0.12408867096130577,0.19488638266535746,0.9943333094287332,0.06675309936290015,0.9789003048049517,0.0795957965041544,236339.918847893,8.524697362716607
real_gemini_long/real-healthy-008,gemini,4,0.0,healthy,0.47137682802971115,0.15736971606586084,0.7076584618049234,0.41749975103071285,0.4383491871120917,0.11187638697333352,0.07146688847582261,0.22213662840779388,0.9923067241902731,0.0967724009966014,0.9417694506319209,0.07307636296722456,546050.0270528297,17.16417891637959
real_gemini_long/real-healthy-009,gemini,2,0.0,healthy,0.9147109309485473,0.38968039866945764,0.5710622230977062,0.4624580087395713,0.030520805872184153,0.35465925630445777,0.49128211080832573,0.3097956106556534,0.9953757039662623,0.23699054712363138,0.9615579152232457,0.0786352863681145,0.0,0.0
real_gemini_long/real-healthy-009,gemini,3,0.0,healthy,0.6679591329028568,0.26511886205219193,0.6261577996728006,0.5248203399553524,0.34890146724868376,0.44881191689221933,0.2709163374243601,0.27194686886886366,0.9969156153578759,0.18564457533435752,0.9793951784800279,0.160660364998508,154233.39583165382,8.550513138024153
real_gemini_long/real-healthy-009,gemini,4,0.0,healthy,0.47137682802971115,0.14607808963218355,0.6616214829043907,0.3821024921245514,0.40358397366470855,0.7673098287993662,0.33801340919006434,0.3004178030668401,0.9923067241902731,0.07612823775622517,0.9635278995910098,0.07899826663731659,442831.66616158467,12.74574968678062
real_gemini_long/real-healthy-010,gemini,2,0.0,healthy,0.9147109309485473,0.38968039866945764,0.5811864771706737,0.4274747413194462,0.1254332429587531,0.11477390550964618,0.286988078376857,0.41311358534896186,0.9953965190247793,0.22034101129948683,0.9467273681145735,0.16593398999214848,0.0,0.0
real_gemini_long/real-healthy-010,gemini,3,0.0,healthy,0.6679591329028568,0.26511886205219193,0.5859050264192976,0.465193685086,0.186214973918607,0.16318193516575405,0.4484064307111896,0.2611860014226285,0.9945507994834569,0.08912704399355136,0.9764469809195689,0.093888537255108,200370.46404179692,7.788740781745581
real_gemini_long/real-healthy-010,gemini,4,0.0,healthy,0.47137682802971115,0.14607808963218355,0.608484456397425,0.36580603259195305,0.4644412777095021,0.24004227111386164,0.29205241251628455,0.22404488924240976,0.9859202631486349,0.07416872337512921,0.9188946250202823,0.07621836977544955,432279.6718297653,12.970812499485724
real_gemini_long/real-healthy-011,gemini,2,0.0,healthy,0.9147109309485473,0.20378304905333822,0.7079223412967307,0.5997522693360985,0.026279038932669432,0.6636263360535408,0.21940401162728515,0.2099277045982402,0.997219502416609,0.6755794146903981,0.9650415606486515,0.38789430247476897,0.0,0.0
real_gemini_long/real-healthy-011,gemini,3,0.0,healthy,0.6679591329028568,0.054665684648613294,0.5837472543942958,0.5308809179192716,0.34890146724868376,0.2902844560389176,0.33439635315811067,0.24485302166501752,0.9969660713442916,0.10515880148703287,0.9726375739244169,0.05951735786581221,226146.8223594792,8.388458816568779
real_gemini_long/real-healthy-011,gemini,4,0.0,healthy,0.47137682802971115,0.09409195562101767,0.6059891602968371,0.8747094624796923,0.4383491871120917,0.23057305280248808,0.24227394507656352,0.20022184046455607,0.991121368545848,0.5087732964144149,0.8823497480359436,0.07271689212854378,445000.9327121485,19.1632178572561
real_gemini_long/real-healthy-012,gemini,2,0.0,healthy,0.9147109309485473,0.38968039866945764,0.6358109611929054,0.5409867443841674,0.18944869520723756,0.07580975388776587,0.10567082580667914,0.28040133923104377,0.9974955416069762,0.33541007178858523,0.9757171891902282,0.10454966460281659,0.0,0.0
real_gemini_long/real-healthy-012,gemini,3,0.0,healthy,0.6679591329028568,0.26511886205219193,0.6357165022428645,0.5065255728647683,0.34890146724868376,0.30010515086201095,0.06043413372593467,0.26071593402783416,0.997034290991802,0.09965324190696286,0.9825858818353463,0.08320776569783309,302292.8032350957,8.489609879073488
real_gemini_long/real-healthy-012,gemini,4,0.0,healthy,0.47137682802971115,0.14607808963218355,0.6616214829043907,0.5145104061924188,0.4383491871120917,0.10593372844383069,0.12913876669870686,0.19447321703064438,0.9923067241902731,0.0922702172010365,0.9404887339655799,0.04410343146427628,564626.3300253176,21.07402946710098
real_gemini_long/real-healthy-013,gemini,2,0.0,healthy,0.9147109309485473,0.26221970589811144,0.6835924144473453,0.6330142022808363,0.1254332429587531,0.054652000019606635,0.04919044908335983,0.36962356095524795,0.9974955416069762,0.5056407576120806,0.9673264793162136,0.34122987943117533,0.0,0.0
real_gemini_long/real-healthy-013,gemini,3,0.0,healthy,0.6679591329028568,0.1304173799643204,0.6835924144473453,0.49979876821328934,0.34890146724868376,0.3491342266134294,0.0445337595734077,0.19061736712462024,0.997034290991802,0.088815398266742,0.9535765113297867,0.0524155793253412,174959.28033005222,7.276274547488458
real_gemini_long/real-healthy-013,gemini,4,0.0,healthy,0.47137682802971115,0.15736971606586084,0.7076584618049234,0.4586316281911267,0.40358397366470855,0.1841658120349759,0.12088686503401837,0.28484566884934037,0.9923067241902731,0.0816213878746134,0.9164869542141342,0.06787298444195351,448704.1145802899,16.937845174692626
real_gemini_long/real-healthy-014,gemini,2,0.0,healthy,0.7696721854949075,0.561523786760556,0.6430149375544056,0.543756351329069,0.15691599644591825,0.11334240145073811,0.16375148855836819,0.3148204110560713,0.9868225579377178,0.6164567606989736,0.9398421380540644,0.3510827409570498,0.0,0.0
real_gemini_long/real-healthy-014,gemini,3,0.0,healthy,0.8788792212003441,0.297189075797366,0.5091899643617995,0.43672895087428176,0.15552645772159876,0.08300994538316565,0.2546717754786088,0.395912082709128,0.9981418802352612,0.19325586168599834,0.9797654818413891,0.10983706044958647,369321.98543891095,11.464349195135924
real_gemini_long/real-healthy-014,gemini,4,0.0,healthy,0.7508945251830853,0.9418205757337546,0.4755664772721419,0.3342971318106556,0.34890146724868376,0.033779150668883956,0.11297975862946152,0.6141938273889079,0.9929216455498454,0.9044165486222208,0.9761948615677617,0.7660087466161938,611776.1082416099,26.98314614416355
real_gemini_long/real-healthy-016,gemini,2,0.0,healthy,0.6654513135563632,0.9795713605640329,0.6903987932166629,0.407337159058778,0.34890146724868376,0.820371061829939,0.5261543558086453,0.26428361231361003,0.9680167826752196,0.920007527116812,0.9399252651657919,0.5112076644216885,0.0,0.0
real_gemini_long/real-healthy-016,gemini,3,0.0,healthy,0.8365395774264998,0.5818368074775794,0.6913488573515275,0.6946898484471289,0.17887677610489025,0.4603055415480612,0.4207100773782673,0.4845313408361797,0.9881574075444516,0.8420131286528263,0.9699696190391525,0.8406826497731796,221328.7879101872,34.246300262344924
real_gemini_long/real-healthy-016,gemini,4,0.0,healthy,0.8885689975062704,0.3610550765413394,0.5091899643617995,0.43359999785901066,0.18944869520723756,0.09653455332815113,0.3749771456996408,0.43308198664629705,0.9955772901058716,0.47820629626020306,0.9856317443537441,0.5544626322309656,585497.3816913004,61.89408073632376
real_gemini_long/real-healthy-020,gemini,2,0.0,healthy,0.9147109309485473,0.38968039866945764,0.5811864771706737,0.4532122899438321,0.18944869520723756,0.23215340924785996,0.08509758742127732,0.4226359889419188,0.9953965190247793,0.2068178361463749,0.96490446838301,0.14585007012510037,0.0,0.0
real_gemini_long/real-healthy-020,gemini,3,0.0,healthy,0.6679591329028568,0.26511886205219193,0.5859050264192976,0.39248136200065586,0.34890146724868376,0.18629223204794243,0.09039751559412959,0.3685511533057378,0.9945507994834569,0.06603013631794027,0.9809098603807783,0.12922877162735436,183200.1637324284,8.286957128763216
real_gemini_long/real-healthy-020,gemini,4,0.0,healthy,0.47137682802971115,0.14607808963218355,0.7076584618049234,0.4199899132015313,0.4383491871120917,0.060615433140345266,0.23743422030705738,0.3703783997182424,0.9923067241902731,0.058629724320860874,0.9653213902234409,0.07920043232910921,388330.0254512682,18.172576125088884
real_gemini_long/real-healthy-021,gemini,2,0.0,healthy,0.9147109309485473,0.26221970589811144,0.5811864771706737,0.4067557364739769,0.05175742471408171,0.25010358696593854,0.2696825869966874,0.32725927479489747,0.9953965190247793,0.21256264785943504,0.9519354396501297,0.13678030606870456,0.0,0.0
real_gemini_long/real-healthy-021,gemini,3,0.0,healthy,0.6679591329028568,0.1304173799643204,0.5793316279370462,0.38758122600400563,0.04492897610465955,0.45151562835664283,0.5775527773909443,0.22039312650438955,0.9945507994834569,0.06307013169675954,0.9411533655827955,0.1436744804666514,227284.56462026073,9.212814365255294
real_gemini_long/real-healthy-021,gemini,4,0.0,healthy,0.47137682802971115,0.15736971606586084,0.608484456397425,0.4590688811879265,0.03477800744022198,0.4241173480576225,0.38077711710000706,0.22093428548564395,0.9859202631486349,0.06307013169675954,0.8495005344287626,0.13217218160275324,511155.6981463684,16.260821561703416
real_gemini_long/real-healthy-022,gemini,2,0.0,healthy,0.9147109309485473,0.4597442384613793,0.721387038049934,0.48029846650363983,0.1254332429587531,0.17208407060156808,0.7441076960648237,0.913524709745699,0.9974136448842716,0.335864515660532,0.9782624925990616,0.6726727064313558,0.0,0.0
real_gemini_long/real-healthy-022,gemini,3,0.0,healthy,0.6679591329028568,0.2178112059467681,0.5707593887126956,0.4841942519505495,0.186214973918607,0.22507864601854316,0.7001931517019416,0.40480109678607057,0.9969626286607066,0.1205542938937294,0.9897330340219558,0.13768503710914354,239312.75759849904,8.565531421372667
real_gemini_long/real-healthy-022,gemini,4,0.0,healthy,0.47137682802971115,0.28123865550330285,0.6817449628305756,0.3899939733221076,0.4644412777095021,0.19892080714539462,0.5149901167112104,0.2822135465256925,0.9916017406233693,0.21019058519023032,0.9581084783452972,0.09072601431194958,612251.604057566,16.408751979160495
real_gemini_long/real-healthy-023,gemini,2,0.0,healthy,0.9147109309485473,0.26221970589811144,0.5811864771706737,0.4845412445223706,0.03615347492409741,0.49031455058121093,0.45192453662971965,0.2624137540612386,0.9953965190247793,0.232408624028314,0.9711049343927477,0.1281563734576522,0.0,0.0
real_gemini_long/real-healthy-023,gemini,3,0.0,healthy,0.6679591329028568,0.1304173799643204,0.5859050264192976,0.3136960372323281,0.04492897610465955,0.47048122884106824,0.7010340417179327,0.6545816711973164,0.9945507994834569,0.04583909779525197,0.979563259106195,0.1027208491922327,195094.53439496784,7.34613598188902
real_gemini_long/real-healthy-023,gemini,4,0.0,healthy,0.47137682802971115,0.15736971606586084,0.7076584618049234,0.2702378633387747,0.03413535296733859,0.3957585162972818,0.5193538864273617,0.39575991091100515,0.9923067241902731,0.048623182064121175,0.8900491532368435,0.11670911922829758,462284.3987597747,12.38344421116594
real_gemini_long/real-healthy-025,gemini,2,0.0,healthy,0.9147109309485473,0.26221970589811144,0.7112129876034061,0.3296518172504828,0.1254332429587531,0.38379984848261317,0.09520054207306922,0.14395336574281375,0.9972404170163819,0.36933248623369763,0.9410164486746929,0.051444630472579814,0.0,0.0
real_gemini_long/real-healthy-025,gemini,3,0.0,healthy,0.6679591329028568,0.1304173799643204,0.5431842017464025,0.46384088551714786,0.34890146724868376,0.17844461883775856,0.1518891518179885,0.13734002318727914,0.9969305713901083,0.20395796990819565,0.9749147412343696,0.0890647274333477,363052.22685205285,7.613445241171311
real_gemini_long/real-healthy-025,gemini,4,0.0,healthy,0.47137682802971115,0.15736971606586084,0.6178266904616377,0.6030380104973397,0.4383491871120917,0.18294672242598198,0.09956680078626312,0.14586180143524397,0.9914017960966919,0.25824439236755814,0.9161743227797496,0.13290699524377844,632418.8800923547,18.386894111903437
real_gemini_long/real-healthy-026,gemini,2,0.0,healthy,0.9147109309485473,0.4597442384613793,0.5810871850578722,0.44620036322755785,0.15552645772159876,0.1142153001532188,0.12405862470382842,0.20042775747568597,0.9953965190247793,0.36750650027634135,0.9361427726095701,0.10424998496460446,0.0,0.0
real_gemini_long/real-healthy-026,gemini,3,0.0,healthy,0.6679591329028568,0.2178112059467681,0.5859050264192976,0.43692742942289614,0.34890146724868376,0.11824047504528369,0.03969133993598521,0.24350587869258525,0.9945507994834569,0.07110419917789686,0.9774822857873008,0.05960995691064448,199807.74084445502,7.0311821157375505
real_gemini_long/real-healthy-026,gemini,4,0.0,healthy,0.47137682802971115,0.28123865550330285,0.7076584618049234,0.624617237627173,0.5283800219301595,0.042581273458954585,0.11669180415098722,0.2624909364866517,0.9923067241902731,0.33042123254128014,0.9268757590583794,0.1268350716997143,516894.2770560062,16.309993889121632
real_gemini_long/real-healthy-027,gemini,2,0.0,healthy,0.7696721854949075,0.561523786760556,0.5826842313928189,0.37745164591876446,0.5283800219301595,0.08947640792452573,0.0932467286625492,0.4606444047943354,0.9754895155886177,0.23513412782607626,0.9381631420715192,0.15864239398689178,0.0,0.0
real_gemini_long/real-healthy-027,gemini,3,0.0,healthy,0.8788792212003441,0.297189075797366,0.5423101707130052,0.4154552221718804,0.1254332429587531,0.36784719220985496,0.09489795291594201,0.17118867811925548,0.9980786725948834,0.16882386274706943,0.9713431725418398,0.08057789158963896,327623.1559109583,12.92100280848226
real_gemini_long/real-healthy-027,gemini,4,0.0,healthy,0.39475685723186743,0.778445465558851,0.7262250317726159,0.3296920032978317,0.28223762806499086,0.20464031529811355,0.11649411070820077,0.5314901366366618,0.9898269084352851,0.5844608889309694,0.9406607143738578,0.40933214671477286,527457.2047368078,27.686584453389095
real_gemini_long/real-healthy-029,gemini,2,0.0,healthy,0.9147109309485473,0.24559761855350407,0.5810871850578722,0.4208374571475999,0.03524612937496818,0.35393091603178545,0.08424370451288164,0.387510292856303,0.9953965190247793,0.16641982021024646,0.9316434335800976,0.16912199038693895,0.0,0.0
real_gemini_long/real-healthy-029,gemini,3,0.0,healthy,0.6679591329028568,0.15305385112541298,0.6746470270500705,0.4394147789275214,0.04607368418238553,0.22823995412937337,0.19516376860742315,0.5528875879343802,0.9969156153578759,0.07481269946559418,0.9754872948181788,0.2658479889706756,241395.75267511344,7.214125631781213
real_gemini_long/real-healthy-029,gemini,4,0.0,healthy,0.47137682802971115,0.15736971606586084,0.7076584618049234,0.3907036147010634,0.03501514149200463,0.3806224580372724,0.11989414568489278,0.40438702600265836,0.9923067241902731,0.06036167973124613,0.922991721637477,0.20768599550019193,455872.5455787487,11.324502332480572
real_gemini_long/real-healthy-030,gemini,2,0.0,healthy,0.9147109309485473,0.20378304905333822,0.6758171116829756,0.6721104764858697,0.12643295171160254,0.3320128888922804,0.4008789310156413,0.6105889790545138,0.9965186415561772,0.2797929270573372,0.965849656190766,0.16292391831861355,0.0,0.0
real_gemini_long/real-healthy-030,gemini,3,0.0,healthy,0.6679591329028568,0.054665684648613294,0.6358109611929054,0.7014125723785927,0.18759520460559614,0.5728664801638861,0.6834106826824263,0.53177191976248,0.997034290991802,0.24737367954373848,0.9640504423409847,0.6542592121776089,169024.3526090937,10.775299930031306
real_gemini_long/real-healthy-030,gemini,4,0.0,healthy,0.47137682802971115,0.09409195562101767,0.6616214829043907,0.6692935409320604,0.48685177666241686,0.4136470063102824,0.5113430620982404,0.3876833262611878,0.9923067241902731,0.3130817307439229,0.9302344551629979,0.5136219327768354,450236.03827944427,16.485472599332173
real_gemini_long/real-healthy-031,gemini,2,0.0,healthy,0.9147109309485473,0.20378304905333822,0.5811864771706737,0.5344273773770968,0.03424513633798019,0.7548154527277677,0.19546251777917284,0.3670258565238844,0.993606113161996,0.22324879993724434,0.9505089327757136,0.276550385863781,0.0,0.0
real_gemini_long/real-healthy-031,gemini,3,0.0,healthy,0.08035114488301245,0.3770732252259031,0.6402949811898903,0.7275232343208452,0.34890146724868376,0.21569231239422806,0.09014843846094948,0.7786262509784642,0.98291387158229,0.7595613389447214,0.8835359183768369,0.8616702489945814,193951.2632167666,13.434338317489544
real_gemini_long/real-healthy-031,gemini,4,0.0,healthy,0.3052793393812134,0.21625405122329902,0.6616214829043907,0.6664083533382759,0.4383491871120917,0.6815616573227201,0.32077667455615155,0.21300887443505556,0.9746933972584251,0.5533763902760883,0.8937153098866379,0.37163846316940985,363520.32897349517,25.417627559053912
real_gemini_long/real-healthy-032,gemini,2,0.0,healthy,0.9147109309485473,0.38968039866945764,0.5601991789737643,0.45971174338363474,0.15552645772159876,0.5220054784770242,0.5223474956878956,0.3050374451195396,0.9953757039662623,0.2945686138386194,0.9674929708750355,0.09378785074711203,0.0,0.0
real_gemini_long/real-healthy-032,gemini,3,0.0,healthy,0.6679591329028568,0.26511886205219193,0.5584838839029367,0.32114452257778064,0.34890146724868376,0.39392578552003743,0.3269048144367932,0.17549870318076027,0.9941813521410432,0.05590947076200193,0.9811757421585293,0.045303440562564606,204555.93668746823,10.01143512697661
real_gemini_long/real-healthy-032,gemini,4,0.0,healthy,0.47137682802971115,0.14607808963218355,0.6083872752798968,0.3849253278971774,0.40358397366470855,0.30347241100950517,0.5767626834891533,0.22337505838368607,0.9859202631486349,0.05817224975557615,0.9459921749729141,0.05455428019754601,399385.7966799146,21.62689209185499
real_gemini_long/real-healthy-033,gemini,2,0.0,healthy,0.9147109309485473,0.26221970589811144,0.6358109611929054,0.5153790993988749,0.03424513633798019,0.3881533799160766,0.3709529845227269,0.22514561457585866,0.9974955416069762,0.2593270702009019,0.980905733400732,0.16697640812579267,0.0,0.0
real_gemini_long/real-healthy-033,gemini,3,0.0,healthy,0.6679591329028568,0.1304173799643204,0.6358109611929054,0.581170223693381,0.05043577758505198,0.2984452127754702,0.6057685250742241,0.8481467135849299,0.997034290991802,0.16566290379285872,0.9713227508298634,0.8009722451653403,180657.8332350421,8.493178053712342
real_gemini_long/real-healthy-033,gemini,4,0.0,healthy,0.47137682802971115,0.15736971606586084,0.6616214829043907,0.571099934096466,0.06511777884282674,0.36570171699848786,0.2422791664544886,0.22203544010580586,0.9923067241902731,0.1457339310882811,0.9334324263255522,0.3037532211626521,458171.82176663354,15.183651153498914
real_gemini_long/real-healthy-034,gemini,2,0.0,healthy,0.9147109309485473,0.4597442384613793,0.5710622230977062,0.3328005702082073,0.1254332429587531,0.09991578034130592,0.9314426862101618,0.5166962050243589,0.9953757039662623,0.2005091288715826,0.9809871670869116,0.13379346987773177,0.0,0.0
real_gemini_long/real-healthy-034,gemini,3,0.0,healthy,0.6679591329028568,0.2178112059467681,0.5710622230977062,0.38426142027352944,0.34890146724868376,0.4940153727729119,0.5692192813554496,0.2478436814652761,0.9943333094287332,0.06210618371834391,0.9682077441217131,0.06002082041063047,263514.2475887437,6.873907748566701
real_gemini_long/real-healthy-034,gemini,4,0.0,healthy,0.5217289293718123,0.778097588910745,0.7040372394043071,0.6501830179283147,0.24501818788891574,0.36511683850609444,0.5643392058660577,0.4997562658520645,0.9909026025223351,0.8461781043732354,0.9574626547572109,0.680255994523295,437349.62096271594,27.113086757543137
real_gemini_long/real-healthy-035,gemini,2,0.0,healthy,0.9147109309485473,0.38968039866945764,0.5288923619372157,0.4557952913186431,0.08783306749609283,0.24114633805484614,0.8962991363536946,0.29240256949199905,0.997312046206168,0.3091384996021134,0.9846108885533129,0.09833178602210482,0.0,0.0
real_gemini_long/real-healthy-035,gemini,3,0.0,healthy,0.6679591329028568,0.26511886205219193,0.7349615432338538,0.24987076096255345,0.34890146724868376,0.23438542268669615,0.8572867462300132,0.34530281150607717,0.9966598956069894,0.07082290805154051,0.9865250592218094,0.07484342961868892,255223.28556407965,10.139087739198583
real_gemini_long/real-healthy-035,gemini,4,0.0,healthy,0.47137682802971115,0.14607808963218355,0.6913488573515275,0.4801431377122477,0.5283800219301595,0.255322724493121,0.6531832293265497,0.41922653211874783,0.9910314257567656,0.20002468354912514,0.9519839976696628,0.21088475806050566,488041.1607085646,18.38538703300634
real_gemini_long/real-healthy-036,gemini,2,0.0,healthy,0.9147109309485473,0.24559761855350407,0.5793316279370462,0.49350242781340703,0.18944869520723756,0.3075318181487213,0.1703739893514573,0.3745242600605045,0.9941893762928423,0.22398406224686188,0.9459190002447337,0.05761125271554267,0.0,0.0
real_gemini_long/real-healthy-036,gemini,3,0.0,healthy,0.6679591329028568,0.15305385112541298,0.6340457034930929,0.7072521299044418,0.34890146724868376,0.14106415670115222,0.025712453853906053,0.13117621323850567,0.997034290991802,0.518010601488183,0.9809475399909079,0.33421759552997515,153694.1625759157,12.64974345862082
real_gemini_long/real-healthy-036,gemini,4,0.0,healthy,0.47137682802971115,0.15736971606586084,0.6616214829043907,0.5786827629151874,0.4383491871120917,0.08332670385154656,0.14162921323095387,0.14509493069644624,0.9923067241902731,0.12159490875755334,0.9218596581123352,0.09012890064490202,370624.6190569515,20.127213304003153
real_gemini_long/real-healthy-038,gemini,2,0.0,healthy,0.9147109309485473,0.24559761855350407,0.25849331760357175,0.3944582062180838,0.1254332429587531,0.35475964293666623,0.20244118689705703,0.15117106705086847,0.9864375246258824,0.21135275294527187,0.9622501174782306,0.06682599672503278,0.0,0.0
real_gemini_long/real-healthy-038,gemini,3,0.0,healthy,0.6679591329028568,0.15305385112541298,0.3618903648554332,0.5686572183963532,0.34890146724868376,0.17879143738009887,0.053454406803041414,0.15130303957127536,0.9958887909817828,0.07916453487810703,0.9873942631805506,0.05494086746295967,151418.4488102246,9.304402545637178
real_gemini_long/real-healthy-038,gemini,4,0.0,healthy,0.47137682802971115,0.15736971606586084,0.36638603864739405,0.33697707861216597,0.1254332429587531,0.17583140460687882,0.19342840070249714,0.2816512464754025,0.9893547059062932,0.059163940934943066,0.935848053307979,0.05031914642667531,509245.6834268273,16.450151314173333
real_gemini_long/real-healthy-039,gemini,2,0.0,healthy,0.9147109309485473,0.26221970589811144,0.25849331760357175,0.9657841983051202,0.05043577758505198,0.3242721966772804,0.6194020280149519,0.9333743649732553,0.9864375246258824,0.8215126419875045,0.9143021329776854,0.9041374360019259,0.0,0.0
real_gemini_long/real-healthy-039,gemini,3,0.0,healthy,0.14826867035657204,0.7615211727157334,0.20576054421961743,0.9991446612936011,0.05965288690686032,0.367164342852492,0.7967304259983133,0.40238405838157015,0.23105168814853333,0.9951015417396183,0.022036123866068107,0.8180662354240361,250934.34066423858,47.473192431656976
real_gemini_long/real-healthy-040,gemini,2,0.0,healthy,0.9147109309485473,0.20378304905333822,0.6470889126861009,0.8829855271127278,0.07029928949716166,0.4141505086116635,0.7381449667140798,0.2274638650409695,0.9979798410906922,0.21805501696981766,0.9742963327324639,0.13937677712228125,0.0,0.0
real_gemini_long/real-healthy-040,gemini,3,0.0,healthy,0.6679591329028568,0.054665684648613294,0.6376585339551738,0.9051820782745832,0.04492897610465955,0.35508262863910545,0.7612118931241105,0.2747096655103485,0.9969832253686499,0.041998799005154054,0.9890402528832922,0.1113334769402788,187457.81144407764,8.164601815126176
real_gemini_long/real-healthy-040,gemini,4,0.0,healthy,0.47137682802971115,0.09409195562101767,0.9433538039570873,0.7688574097354505,0.03845042356600839,0.8717272088191708,0.5659686203970491,0.20001114172362788,0.9940675802530688,0.24298239549154557,0.9705364129453662,0.1924096826718559,379431.28672827454,25.868417035500478
real_gemini_long/real-healthy-041,gemini,2,0.0,healthy,0.9147109309485473,0.24559761855350407,0.6836806362183065,0.4095493189404859,0.4383491871120917,0.42624280919866653,0.7447310164151109,0.5343568205708492,0.9973911579017697,0.17786816872463757,0.9854861650766379,0.2788686056195795,0.0,0.0
real_gemini_long/real-healthy-041,gemini,3,0.0,healthy,0.6679591329028568,0.15305385112541298,0.9317381289867992,0.6885509996114292,0.34890146724868376,0.4941605575084622,0.5735315692631774,0.43772129944130356,0.9977155808672342,0.11454503662559568,0.9929303249104384,0.17041234716170833,165720.01311080437,15.744505073295699
real_gemini_long/real-healthy-041,gemini,4,0.0,healthy,0.5217289293718123,0.6829831268075244,0.43590473915260686,0.4217165258537716,0.24501818788891574,0.15180832311722278,0.3934130169444384,0.4054950810841918,0.9874186341361844,0.4071108389751764,0.9444038463665876,0.35003739751272095,353298.60561431106,45.07170915909284
real_gemini_long/real-healthy-044,gemini,2,0.0,healthy,0.9147109309485473,0.4597442384613793,0.5811864771706737,0.33436464787057213,0.03717400112058224,0.42437457642029475,0.8655258762201877,0.4100568674462873,0.9953965190247793,0.19989644822985153,0.9817161264515515,0.19246122908806151,0.0,0.0
real_gemini_long/real-healthy-044,gemini,3,0.0,healthy,0.6679591329028568,0.2178112059467681,0.6402949811898903,0.8415394243370877,0.04503273960345672,0.6451092583411527,0.8166799318236283,0.8196038854510834,0.997034290991802,0.5888358913123682,0.9849565326804807,0.8400197006468305,158212.1487092116,8.24857205762109
real_gemini_long/real-healthy-044,gemini,4,0.0,healthy,0.47137682802971115,0.28123865550330285,0.6616214829043907,0.518208279884267,0.03413535296733859,0.33234132046176984,0.5280282618569706,0.26899248757093724,0.9923067241902731,0.38490375703727475,0.9726365886173464,0.26039398886767506,515834.6183788368,13.655321416853361
real_gemini_long/real-healthy-045,gemini,2,0.0,healthy,0.9147109309485473,0.38968039866945764,0.6402949811898903,0.4518827751839738,0.5331909798231894,0.21803625337645755,0.11896433415702837,0.5217987002106559,0.9974955416069762,0.4076211651296914,0.9697400071266782,0.2753541656783047,0.0,0.0
real_gemini_long/real-healthy-045,gemini,3,0.0,healthy,0.08035114488301245,0.7023507485222866,0.6357165022428645,0.6162659872926346,0.13531088050961984,0.29861846626028954,0.218265199518867,0.5286088641204131,0.982069126732275,0.6993688463544444,0.9350093968017559,0.4193677166329155,210353.59368710138,9.637881660618762
real_gemini_long/real-healthy-045,gemini,4,0.0,healthy,0.3052793393812134,0.30365421965029704,0.6616214829043907,0.5876076076361725,0.38974025308967347,0.6300242318390468,0.274865163616487,0.625105046912816,0.9666694704124803,0.14930591884860134,0.9340730006560592,0.471012913117053,422723.8711259284,20.30081900721557
real_gemini_long/real-healthy-047,gemini,2,0.0,healthy,0.9147109309485473,0.24559761855350407,0.5474279825190026,0.2766838309394488,0.07169175646656543,0.45151562835664283,0.3705487064992146,0.49344144868849515,0.9949286579423823,0.2573836138657141,0.9777957340445468,0.3403605173523206,0.0,0.0
real_gemini_long/real-healthy-047,gemini,3,0.0,healthy,0.6679591329028568,0.15305385112541298,0.43206123581993927,0.3327825739961519,0.34890146724868376,0.6106076187975106,0.1513777431064321,0.19841648487911265,0.994360716107125,0.11557015754892339,0.9822327577471829,0.07422937159976158,194089.3184668094,9.594448652968016
real_gemini_long/real-healthy-047,gemini,4,0.0,healthy,0.47137682802971115,0.15736971606586084,0.550264120649568,0.5209938450739952,0.4383491871120917,0.7327018355073663,0.17256343529492474,0.5080104262403273,0.9915074436986827,0.20334502066464755,0.9585595364847691,0.5545599827501869,422361.93958192895,20.089615625480512
real_gemini_long/real-healthy-048,gemini,2,0.0,healthy,0.9147109309485473,0.24559761855350407,0.6357165022428645,0.4407621061318019,0.11273107391554624,0.5062864851165204,0.5875313533089142,0.4726454957206492,0.9974955416069762,0.29923085329238897,0.979943255484763,0.43962790809726204,0.0,0.0
real_gemini_long/real-healthy-048,gemini,3,0.0,healthy,0.6679591329028568,0.15305385112541298,0.6402949811898903,0.49247067749766893,0.05043577758505198,0.6210010139171847,0.6354537941282552,0.8321137844167215,0.997034290991802,0.08529289908332302,0.979215751928385,0.466244660537938,313769.10231898696,6.662831054478046
real_gemini_long/real-healthy-048,gemini,4,0.0,healthy,0.47137682802971115,0.15736971606586084,0.6534875167208953,0.5707040275163658,0.03413535296733859,0.5035397779729262,0.19884712222861967,0.5539944067717586,0.9893275062796506,0.1289704806972253,0.9250941725979148,0.2854039401114505,554794.0091234264,12.358818839501033
real_gemini_long/real-healthy-049,gemini,2,0.0,healthy,0.9147109309485473,0.38968039866945764,0.6261577996728006,0.43420928096494477,0.40358397366470855,0.24555073501641528,0.45984784405909224,0.2826410507339384,0.9968227414908614,0.2145489725569787,0.9891287946674943,0.0840031640017763,0.0,0.0
real_gemini_long/real-healthy-049,gemini,3,0.0,healthy,0.6679591329028568,0.26511886205219193,0.6261577996728006,0.5280085871212431,0.28223762806499086,0.30360625514738665,0.47033013198035745,0.28974783008053767,0.9969156153578759,0.09733051794763603,0.9839585779407716,0.10832407374944156,232932.2329763956,8.34763737333278
real_gemini_long/real-healthy-049,gemini,4,0.0,healthy,0.47137682802971115,0.14607808963218355,0.6616214829043907,0.4721285994346687,0.5480197980984923,0.4330121053881784,0.2624944161671497,0.28865526843033956,0.9923067241902731,0.08505937219759697,0.9503275537475435,0.2109265041323079,484043.99487846973,12.778221366074707
real_gemini_long/real-healthy-050,gemini,2,0.0,healthy,0.9147109309485473,0.38968039866945764,0.6836806362183065,0.36034819120261097,0.40358397366470855,0.1605737739272628,0.286988078376857,0.41311358534896186,0.9974955416069762,0.226075011173892,0.9621004245349226,0.18213256397967476,0.0,0.0
real_gemini_long/real-healthy-050,gemini,3,0.0,healthy,0.6679591329028568,0.26511886205219193,0.721387038049934,0.2573896567539274,0.34890146724868376,0.6672467458141609,0.24916696061315274,0.22226677507810197,0.9970465462679122,0.06435778712525547,0.9836044802858664,0.05679419371030402,211245.72833955399,11.993470820339969
real_gemini_long/real-healthy-050,gemini,4,0.0,healthy,0.47137682802971115,0.14607808963218355,0.5201945135596634,0.6131863787776238,0.1254332429587531,0.5738033501853902,0.2715962068400251,0.20743569492699385,0.9915074436986827,0.17914889209612164,0.8734972273160722,0.1264414683122348,354531.0476233389,23.079013632220835
real_gemini_long/real-healthy-051,gemini,2,0.0,healthy,0.6654513135563632,0.9795713605640329,0.6430149375544056,0.4601436101536675,0.34890146724868376,0.82391763504587,0.11204939790415816,0.267085763847665,0.9658053974182736,0.900448688570225,0.9208737790876965,0.5523549736607478,0.0,0.0
real_gemini_long/real-healthy-051,gemini,3,0.0,healthy,0.889932731745795,0.9963146255781232,0.8309367322265445,0.8294815548622267,0.24501818788891574,0.7591158864256448,0.13568492583464076,0.2060122403333725,0.9744342112301917,0.9822828237727351,0.8256446734950424,0.5632503579991797,265230.1395292805,30.26414780851292
real_gemini_long/real-healthy-052,gemini,2,0.0,healthy,0.9147109309485473,0.38968039866945764,0.6836806362183065,0.5306576139734789,0.4383491871120917,0.3787708550414554,0.10567082580667914,0.28040133923104377,0.9974955416069762,0.4075983445605807,0.9757396264783135,0.2050986395983569,0.0,0.0
real_gemini_long/real-healthy-052,gemini,3,0.0,healthy,0.6679591329028568,0.26511886205219193,0.6835924144473453,0.3128098475283442,0.28223762806499086,0.16984599926260602,0.31616236622826827,0.2405053941368267,0.997034290991802,0.050889664888995434,0.9884347162155602,0.10508641980350811,362629.3260047093,8.362833336611281
real_gemini_long/real-healthy-052,gemini,4,0.0,healthy,0.47137682802971115,0.14607808963218355,0.7076584618049234,0.46713887798886067,0.4578915518359755,0.37425016271463185,0.24183974853488557,0.2085250921801553,0.9923067241902731,0.06128149608208598,0.9308901485892822,0.09091879820850139,606254.4109496105,13.647174192589505
real_gemini_long/real-healthy-053,gemini,2,0.0,healthy,0.9147109309485473,0.26221970589811144,0.5810871850578722,0.37572602599197663,0.0729880414361056,0.8902488804597272,0.18039507544022887,0.5974098584309735,0.9953965190247793,0.22533130720314598,0.9561698986022402,0.29950512091828585,0.0,0.0
real_gemini_long/real-healthy-053,gemini,3,0.0,healthy,0.14826867035657204,0.7615211727157334,0.6540784520728038,0.9859953201191899,0.12238609874871106,0.6397862855380236,0.3222956630032103,0.152611173086332,0.9809120376823307,0.9382462095800005,0.8711832900134326,0.3782521939342057,171269.22366067924,33.18308887073722
real_gemini_long/real-healthy-054,gemini,2,0.0,healthy,0.9147109309485473,0.4597442384613793,0.6358109611929054,0.5356423427928331,0.07169175646656543,0.4263978229674371,0.2605906932876681,0.4064977177840888,0.9974955416069762,0.6143748177426468,0.9830822901135349,0.4364015906899216,0.0,0.0
real_gemini_long/real-healthy-054,gemini,3,0.0,healthy,0.6679591329028568,0.2178112059467681,0.6402949811898903,0.6008162453790613,0.04492897610465955,0.30795653618506635,0.4728914057480974,0.3030706122175092,0.997034290991802,0.13907078668576228,0.9729725640962544,0.3283688986708103,198749.31720371905,7.585275398635243
real_gemini_long/real-healthy-054,gemini,4,0.0,healthy,0.47137682802971115,0.28123865550330285,0.6261577996728006,0.41793773639706394,0.028904780677764513,0.30020590900358163,0.6403503079735708,0.7532180369369137,0.9920003883788319,0.299107188636362,0.9564461356497955,0.29115263768419397,446701.0355495425,13.798637078582768
real_gemini_long/real-healthy-055,gemini,2,0.0,healthy,0.9147109309485473,0.38968039866945764,0.6765237543851849,0.4735660909624122,0.15552645772159876,0.5245908458802396,0.08647283094966207,0.773288783218078,0.9974456141973432,0.2786477055702135,0.9468896122088889,0.333384984377707,0.0,0.0
real_gemini_long/real-healthy-055,gemini,3,0.0,healthy,0.6679591329028568,0.26511886205219193,0.5178523508889386,0.4275153111537133,0.34890146724868376,0.531974381043549,0.02560942912976247,0.41819033261075517,0.9969626286607066,0.08516543633141732,0.9065346058429926,0.14208208181452703,176859.6915093403,9.2495438333575
real_gemini_long/real-healthy-055,gemini,4,0.0,healthy,0.47137682802971115,0.14607808963218355,0.5882010199269748,0.4315087985193717,0.4383491871120917,0.4322859451444155,0.1846089658845455,0.1939561278129257,0.9915074436986827,0.12371335642331845,0.953009286868417,0.04277091812531308,370260.03287166444,20.118415573498698
real_gemini_long/real-healthy-056,gemini,2,0.0,healthy,0.9147109309485473,0.20378304905333822,0.6358109611929054,0.5124897925657421,0.18944869520723756,0.19620236039327832,0.39265705784861926,0.5674309974585371,0.9974955416069762,0.29926084371515627,0.9744536442423706,0.2543702789687126,0.0,0.0
real_gemini_long/real-healthy-056,gemini,3,0.0,healthy,0.6679591329028568,0.054665684648613294,0.6357165022428645,0.506066826800796,0.34890146724868376,0.23813500790131825,0.13054916535127728,0.5730767926212649,0.997034290991802,0.046855323845410045,0.9751163323612928,0.12871274920813222,190787.2766316726,8.671962408823614
real_gemini_long/real-healthy-056,gemini,4,0.0,healthy,0.47137682802971115,0.09409195562101767,0.6616214829043907,0.49719542754929685,0.4383491871120917,0.24928690720780752,0.1361388283648709,0.5410183549071769,0.9923067241902731,0.1673673559703443,0.9390227716552016,0.19882284734070207,377493.96910028957,18.03440187712124
real_gemini_long/real-healthy-057,gemini,2,0.0,healthy,0.9147109309485473,0.24559761855350407,0.5811864771706737,0.44134507711217486,0.15552645772159876,0.21779155178137322,0.20671583670106133,0.21783223561929677,0.9953965190247793,0.22398406224686188,0.9765228572716017,0.07534713331184588,0.0,0.0
real_gemini_long/real-healthy-057,gemini,3,0.0,healthy,0.6679591329028568,0.15305385112541298,0.6878646135142067,0.5500889065411533,0.34890146724868376,0.33253754295902527,0.15082225354913015,0.22076646471473088,0.997034290991802,0.1520865999567117,0.9815647200261479,0.12667495205198903,127423.26966558467,8.832201964280863
real_gemini_long/real-healthy-057,gemini,4,0.0,healthy,0.47137682802971115,0.15736971606586084,0.7076584618049234,0.5440607907006273,0.40358397366470855,0.3966170813278783,0.22646961593778442,0.22188232294988142,0.9919878120791755,0.08755452766348133,0.9504771365933856,0.0826162594384334,277622.0250668862,19.64229867841151
real_gemini_long/real-healthy-061,gemini,2,0.0,healthy,0.7696721854949075,0.31706716247602656,0.6982794298871499,0.2895705955072431,0.03955007312049195,0.4737820406956003,0.645725573232272,0.3390820333639545,0.9865953541032711,0.31800525051759565,0.9647286958000234,0.3208359570032175,0.0,0.0
real_gemini_long/real-healthy-061,gemini,3,0.0,healthy,0.8788792212003441,0.2147577564378044,0.5284290345887832,0.546979485970791,0.03477800744022198,0.5078049362297815,0.5410343035580613,0.3213160489671072,0.9981418802352612,0.22976086080076336,0.9532146868063084,0.2293455011147853,300807.61179464153,14.024698938373557
real_gemini_long/real-healthy-061,gemini,4,0.0,healthy,0.39475685723186743,0.6965053207056925,0.7075486008970772,0.40437254377172316,0.029767076521860933,0.31692234110381534,0.4028406000067804,0.37795830249274365,0.9887488504373451,0.6942027829768685,0.8674121218049893,0.5228121104154837,556746.1423184434,27.834202315456444
real_gemini_long/real-healthy-062,gemini,2,0.0,healthy,0.6654513135563632,0.845861639287233,0.6430149375544056,0.6137533407333635,0.04503273960345672,0.10810702530686601,0.4542778003145973,0.9836851552653995,0.9680167826752196,0.8180692834844588,0.9432381453453959,0.9775513910033222,0.0,0.0
real_gemini_long/real-healthy-062,gemini,3,0.0,healthy,0.8365395774264998,0.329937209031065,0.681797149885516,0.3253716819559966,0.06557662420092861,0.7895639627602444,0.7177241064142882,0.5594311688697394,0.9873700163944886,0.16161184950021273,0.9835419352453443,0.25868739323772133,218454.30817525348,19.453285658607417
real_gemini_long/real-healthy-062,gemini,4,0.0,healthy,0.8885689975062704,0.8895134748143156,0.5091899643617995,0.4802523879156648,0.03413535296733859,0.33362086442806566,0.65452399138573,0.9934087189666193,0.9955772901058716,0.8648539697374047,0.9853908828078602,0.9484219976451972,599535.3545922693,39.88713804484864
real_gemini_long/real-healthy-063,gemini,2,0.0,healthy,0.9147109309485473,0.26221970589811144,0.5859050264192976,0.4567441550420441,0.07169175646656543,0.4325543318050868,0.45414139190390546,0.22224093560992217,0.9952050703756281,0.19628897189482827,0.9593677752007331,0.12059251657559443,0.0,0.0
real_gemini_long/real-healthy-063,gemini,3,0.0,healthy,0.6679591329028568,0.1304173799643204,0.6878646135142067,0.3872804097200556,0.34890146724868376,0.5622394248727713,0.22336449251016477,0.3454236408619137,0.997034290991802,0.07356736163144194,0.9799862328083326,0.08900596648278898,230541.5631390955,8.767868333561866
real_gemini_long/real-healthy-063,gemini,4,0.0,healthy,0.47137682802971115,0.15736971606586084,0.7076584618049234,0.32698211758635787,0.4383491871120917,0.7556318720422814,0.21846396005638338,0.20827719528728794,0.9923067241902731,0.05431647619265328,0.9188191735788758,0.14159782663607026,404721.5388854897,13.5229724681977
real_gemini_long/real-healthy-066,gemini,2,0.0,healthy,0.9147109309485473,0.4597442384613793,0.6835924144473453,0.5877378779411591,0.40358397366470855,0.39418230481520855,0.12405862470382842,0.20042775747568597,0.9974955416069762,0.5019951002114679,0.9528415705249877,0.22922409309342268,0.0,0.0
real_gemini_long/real-healthy-066,gemini,3,0.0,healthy,0.6679591329028568,0.2178112059467681,0.6835924144473453,0.42748308062448126,0.34890146724868376,0.2415661480331186,0.027617612109775348,0.19614124667836896,0.997034290991802,0.09045305309703616,0.9603664616097513,0.0900859885323405,195336.7638389779,10.082514872667144
real_gemini_long/real-healthy-066,gemini,4,0.0,healthy,0.47137682802971115,0.28123865550330285,0.6616214829043907,0.592832267948613,0.40358397366470855,0.17906041414185894,0.1503742346621187,0.23700434674290455,0.9923067241902731,0.30916414036534884,0.9187127933472626,0.07257726008185535,516744.0592946746,18.454425405785404
real_gemini_long/real-healthy-068,gemini,2,0.0,healthy,0.9147109309485473,0.38968039866945764,0.6141033292382491,0.5293252396578038,0.15552645772159876,0.134803846838876,0.13209178515949355,0.4877466516078645,0.9974841934824946,0.3940013939233257,0.9684234657865066,0.30878191300618707,0.0,0.0
real_gemini_long/real-healthy-068,gemini,3,0.0,healthy,0.6679591329028568,0.26511886205219193,0.6141033292382491,0.34096889642200745,0.34890146724868376,0.3491342266134294,0.11627691169213732,0.3140113438490093,0.9969156153578759,0.0725605822194365,0.9759692947367657,0.09346014121476248,222624.98966453262,6.629163591183925
real_gemini_long/real-healthy-068,gemini,4,0.0,healthy,0.47137682802971115,0.14607808963218355,0.6616214829043907,0.4199899132015313,0.40358397366470855,0.30805433623963485,0.19858331843438604,0.20254825323697873,0.9923067241902731,0.07612823775622517,0.9302394595753998,0.0644962040061769,489212.36289639305,14.22097594591287
real_gemini_long/real-healthy-070,gemini,2,0.0,healthy,0.9147109309485473,0.20378304905333822,0.6836806362183065,0.611072417241719,0.15552645772159876,0.3395736250032957,0.25868022144230274,0.4892208078534419,0.9974955416069762,0.40959817242073665,0.9562443716040208,0.3724280737259666,0.0,0.0
real_gemini_long/real-healthy-070,gemini,3,0.0,healthy,0.5356835789332259,0.27861041229519184,0.6765237543851849,0.5196583320095534,0.1943877395460092,0.09165569480949003,0.35432931905064435,0.5811415020893297,0.9956366565422399,0.44473368175897926,0.9637704188353108,0.15792008072277056,148141.58109561625,12.116881163258647
real_gemini_long/real-healthy-070,gemini,4,0.0,healthy,0.35377706464599745,0.39906905362254863,0.681797149885516,0.5335720559655598,0.34890146724868376,0.5556285914765543,0.1433553224715404,0.7405101719479937,0.992125177625063,0.6304656769947556,0.9714127834502208,0.17630254997522832,406439.54024036205,22.454350726159653
real_gemini_long/real-healthy-072,gemini,2,0.0,healthy,0.9147109309485473,0.38968039866945764,0.6157512112672188,0.5252500734290587,0.4383491871120917,0.13374060530570708,0.5223474956878956,0.3050374451195396,0.9974841934824946,0.3533810444385209,0.9721680291648749,0.10640056356501255,0.0,0.0
real_gemini_long/real-healthy-072,gemini,3,0.0,healthy,0.6679591329028568,0.26511886205219193,0.6141033292382491,0.36508706592016615,0.34890146724868376,0.3349748863733297,0.3269048144367932,0.17549870318076027,0.9967007646379279,0.050531852290656265,0.9832415971509896,0.045303440562564606,204555.93668746823,11.681893348920873
real_gemini_long/real-healthy-072,gemini,4,0.0,healthy,0.47137682802971115,0.14607808963218355,0.6615301546437485,0.7090046995358665,0.40358397366470855,0.31153419284791944,0.5767626834891533,0.22337505838368607,0.9919878120791755,0.07612823775622517,0.9478589304920949,0.06305288749460673,399385.7966799146,23.067352857574292
real_gemini_long/real-healthy-074,gemini,2,0.0,healthy,0.9147109309485473,0.4597442384613793,0.6357165022428645,0.4767702899073679,0.4383491871120917,0.4422108671758649,0.6518217385981208,0.8815959209487615,0.9974955416069762,0.48725169012284236,0.9776314582142007,0.6548206622541853,0.0,0.0
real_gemini_long/real-healthy-074,gemini,3,0.0,healthy,0.6679591329028568,0.2178112059467681,0.6357165022428645,0.49437013408903274,0.34890146724868376,0.3038324795340632,0.41751041084280205,0.24533873824861646,0.997034290991802,0.13907078668576228,0.9700365411914479,0.14485625459577456,289908.13633038534,10.221053306370438
real_gemini_long/real-healthy-074,gemini,4,0.0,healthy,0.47137682802971115,0.28123865550330285,0.6616214829043907,0.4203175078515108,0.4383491871120917,0.31522290204919107,0.4115476819353251,0.2903970911091856,0.9923067241902731,0.2263609089384244,0.9593023761009508,0.0763861963590956,538794.7544662618,17.70569079049789
real_gemini_long/real-healthy-075,gemini,2,0.0,healthy,0.9147109309485473,0.38968039866945764,0.6261577996728006,0.5330275721703228,0.40358397366470855,0.327330927457537,0.46307468564936927,0.24691934457774692,0.9974841934824946,0.4075983445605807,0.9816685699049076,0.22586340571778965,0.0,0.0
real_gemini_long/real-healthy-075,gemini,3,0.0,healthy,0.6679591329028568,0.26511886205219193,0.6261577996728006,0.30269085843391497,0.34890146724868376,0.4258468939567478,0.07900689836881153,0.33410741528744725,0.9969156153578759,0.050889664888995434,0.9544313893956088,0.05890356162423443,212706.30345895462,7.874757761815818
real_gemini_long/real-healthy-075,gemini,4,0.0,healthy,0.47137682802971115,0.14607808963218355,0.6616214829043907,0.7198624519550738,0.4383491871120917,0.4388758578157445,0.17209215026796046,0.25720935963487085,0.9893275062796506,0.06974687651789561,0.857915549157168,0.07948466424224297,433462.162930664,14.122303740629343
real_gemini_long/real-healthy-076,gemini,2,0.0,healthy,0.2429621200511546,0.5636810450460755,0.6402949811898903,0.48187220459201113,0.18944869520723756,0.2446446097181414,0.23951547674433646,0.19691661470483526,0.9919031704200697,0.47058321446451185,0.91572907224566,0.1322106332620007,0.0,0.0
real_gemini_long/real-healthy-076,gemini,3,0.0,healthy,0.022582413442783878,0.6557180646469115,0.6340457034930929,0.5004694047658148,0.34890146724868376,0.24264322411095146,0.1620884628275366,0.47938804594761514,0.9811858824127001,0.5644192885155905,0.8913467087455051,0.31161353490407145,205045.7769832949,7.719567627313385
real_gemini_long/real-healthy-076,gemini,4,0.0,healthy,0.06308842801220896,0.8020583602044196,0.7040372394043071,0.4484312965175942,0.24501818788891574,0.12424428843134981,0.3914359457483315,0.17471316685245317,0.9871660633244796,0.49150409655280425,0.8321652783611703,0.16368078794371138,422295.6498347275,25.014321346108037
real_gemini_long/real-healthy-077,gemini,2,0.0,healthy,0.2429621200511546,0.7221069282680095,0.6836806362183065,0.6019325370926517,0.18944869520723756,0.42972221832429724,0.617054785108676,0.2163369703913549,0.9919031704200697,0.6073008184031709,0.9359457821334844,0.10659497892467057,0.0,0.0
real_gemini_long/real-healthy-077,gemini,3,0.0,healthy,0.022582413442783878,0.6557180646469115,0.682031369827489,0.4511302140582269,0.34890146724868376,0.3485009702954712,0.5452824798250515,0.22621452314900536,0.9811858824127001,0.48376793151569997,0.9525479461389338,0.17367098582078785,244155.60515015872,4.184448419448723
real_gemini_long/real-healthy-077,gemini,4,0.0,healthy,0.06308842801220896,0.820388615483526,0.7465144113815702,0.7682897936131547,0.24501818788891574,0.2904772280780641,0.6831950504621206,0.3715943158092166,0.9871660633244796,0.7899746642224348,0.9055882009707069,0.23412181088351036,426026.8570054262,26.688242404801823
real_gemini_long/real-healthy-078,gemini,2,0.0,healthy,0.2429621200511546,0.5636810450460755,0.5811864771706737,0.38025257899460396,0.2771641403436465,0.6875142492145884,0.1646417007181386,0.4575621856645551,0.9851867060754533,0.36475787588481906,0.8989949438820886,0.5173797542614812,0.0,0.0
real_gemini_long/real-healthy-078,gemini,3,0.0,healthy,0.022582413442783878,0.6557180646469115,0.5793316279370462,0.6196086178334256,0.3397109491658212,0.7280840372813411,0.12680294740323708,0.47312347562575263,0.9551965878265936,0.5452912963210969,0.8412285281971968,0.44370728152594596,242987.13987683266,4.5369431074690585
real_gemini_long/real-healthy-078,gemini,4,0.0,healthy,0.029251540178900377,0.36503012287314884,0.608484456397425,0.5180534555249878,0.46652176105167203,0.6210010139171847,0.18298528170643563,0.4826117293433701,0.9520604004744733,0.1081628815871036,0.8942524480807594,0.2767984090407744,533548.5519287381,9.422011372131259
real_gemini_long/real-healthy-079,gemini,2,0.0,healthy,0.2429621200511546,0.5636810450460755,0.5811864771706737,0.3744973891290411,0.35945086885513483,0.49325241304453116,0.7564061388309758,0.8159115528285591,0.9851867060754533,0.3360793915507335,0.9576968602675033,0.6596243369841546,0.0,0.0
real_gemini_long/real-healthy-079,gemini,3,0.0,healthy,0.022582413442783878,0.6557180646469115,0.5793316279370462,0.32729296150538406,0.22449355572961394,0.49107917567411163,0.7297296388068476,0.9593379921269803,0.9658850010326376,0.4253838068738933,0.9435509566822035,0.84056141577307,229702.91597837763,3.942827986971327
real_gemini_long/real-healthy-079,gemini,4,0.0,healthy,0.06308842801220896,0.8020583602044196,0.5877319350995895,0.37305086259775067,0.14033881265533277,0.39796453168499973,0.6600850753767187,0.9139333741113554,0.9797365068641539,0.43420172637814913,0.9366446057655167,0.7630979384913368,467836.2295478906,26.31439003056633
real_gemini_long/real-looping-000,gemini,2,1.0,looping,0.9451205592025387,0.6898058383939696,0.6835924144473453,0.630743975669078,0.12136047059532962,0.6941413807369502,0.6526210253208122,0.8794072792884907,0.9978452881962216,0.7554396019494846,0.9915210089275696,0.8594946347156156,0.0,0.0
real_gemini_long/real-looping-000,gemini,3,1.0,looping,0.9854596788028172,0.2440934668376581,0.6746470270500705,0.3497802678910275,0.42480579566750565,0.6123378198466395,0.8926988740881544,0.8267549248230115,0.998523576418909,0.28247380526562016,0.9958724653916958,0.5170534340756211,179940.98248778193,7.466303662285663
real_gemini_long/real-looping-000,gemini,4,1.0,looping,0.9368337518625095,0.45372956966728173,0.7465144113815702,0.3755135698506511,0.31437352059282586,0.5000436993623897,0.7159233586096156,0.4260882602603517,0.9931545862858546,0.38187041509462216,0.9797695593582652,0.2230549400582172,310233.4839016581,28.664710090528487
real_gemini_long/real-looping-001,gemini,2,1.0,looping,0.9451205592025387,0.5192688081885868,0.5811864771706737,0.46719558543260364,0.4402014181936152,0.5170326502413838,0.8555643214261163,0.82690969110778,0.9960382290379458,0.49554349933548614,0.9957938673829533,0.5909713877888163,0.0,0.0
real_gemini_long/real-looping-001,gemini,3,1.0,looping,0.985415006549835,0.6913705412553932,0.721387038049934,0.44597445173600214,0.4018097599967047,0.2711203740032819,0.9798499729171722,0.9233989184500396,0.9985009118662242,0.6080292654426757,0.996283738519146,0.9172345027466958,216980.16394233293,12.634953046371423
real_gemini_long/real-looping-001,gemini,4,1.0,looping,0.9875667305482698,0.8794837066428538,0.7262250317726159,0.30515756320222304,0.31876855014486927,0.455748128932291,0.9835136083429082,0.9950493896004083,0.9964214496218843,0.6709552092027014,0.9960966627980666,0.9803663941262649,519782.5377466866,23.060615510452827
real_gemini_long/real-looping-002,gemini,2,1.0,looping,0.9451205592025387,0.5192688081885868,0.6746470270500705,0.3113676300049737,0.028904780677764513,0.6226694253886677,0.8288090924364578,0.6485766012855458,0.9966904334922552,0.41426452499317756,0.9937622990684314,0.6147434231353675,0.0,0.0
real_gemini_long/real-looping-002,gemini,3,1.0,looping,0.9854596788028172,0.6142632390679786,0.7227670025290602,0.6966004038770348,0.0432827263890969,0.6226694253886677,0.2530500522991049,0.7483003727772417,0.9983680611865207,0.9468115102139392,0.9850443048565289,0.9199845884449176,217874.3826502225,8.169844235632388
real_gemini_long/real-looping-002,gemini,4,1.0,looping,0.9875667305482698,0.8794837066428538,0.7380770657543264,0.7945818175057096,0.026304613097624035,0.4252813707299261,0.44332011881623085,0.9782806759341489,0.9961829972221151,0.8953274355631882,0.9839342160753926,0.9639504641148411,551842.1120027559,27.77038646729356
real_gemini_long/real-looping-003,gemini,2,1.0,looping,0.9884944143922605,0.645670761456016,0.7227670025290602,0.42450695238963004,0.1254332429587531,0.5107507399020559,0.45785275097601624,0.7696918524928602,0.9983711970664543,0.5548696769693237,0.9767087754096885,0.5425334272798411,0.0,0.0
real_gemini_long/real-looping-003,gemini,3,1.0,looping,0.9858442576826183,0.7388224714477953,0.5900990073421476,0.5062788724274084,0.47828929889328253,0.1347156567833485,0.9056441344266632,0.4798205790726392,0.9984844083044563,0.7224771262771141,0.9868795964052538,0.4025589494289622,367734.49160275783,16.748939479251423
real_gemini_long/real-looping-003,gemini,4,1.0,looping,0.9806907946279315,0.9753276651929272,0.5837472543942958,0.31066375713128597,0.38974025308967347,0.676226617061854,0.9350156973644418,0.9813328862482161,0.9958030994654625,0.938201143774798,0.9913125013442499,0.9353364880193229,697669.0173348908,37.055329910947904
real_gemini_long/real-looping-005,gemini,2,1.0,looping,0.9451205592025387,0.512059550783218,0.6878646135142067,0.5296944132487234,0.1463065453640004,0.6641057885545183,0.8283541502262286,0.6018298321800647,0.997278515647775,0.5660843280491321,0.9868599998985725,0.5698884473100428,0.0,0.0
real_gemini_long/real-looping-005,gemini,3,1.0,looping,0.9854596788028172,0.6910945747535064,0.7142315680173805,0.44597445173600214,0.20162916070074313,0.2176614257146744,0.6515036915918949,0.522857210900067,0.9984754912182573,0.6507943064982641,0.9789397866854787,0.642402155816217,205898.10329339735,6.7150943600264625
real_gemini_long/real-looping-005,gemini,4,1.0,looping,0.9926342887414384,0.7570287424646358,0.685791048653192,0.33788301859141107,0.48806303289490555,0.3643822936713652,0.7440757628100737,0.9828398867320284,0.9984939787804362,0.45417524560219774,0.9792367629527665,0.9578111285809332,354633.5964117382,17.353826824869838
real_gemini_long/real-looping-007,gemini,2,1.0,looping,0.9451205592025387,0.5192688081885868,0.5859050264192976,0.4012382847538528,0.03501514149200463,0.7144240637795024,0.9204934298502129,0.6393556247017975,0.9960382290379458,0.40247540674179694,0.9968232715749861,0.6591336622183742,0.0,0.0
real_gemini_long/real-looping-007,gemini,3,1.0,looping,0.985415006549835,0.6913705412553932,0.6589157401268285,0.4188232831616213,0.06651807390757854,0.23675992138276103,0.9399459289939632,0.3523855338063304,0.998380350484117,0.5496051372841567,0.9969064110242724,0.6128194711795931,190573.2896594572,10.522003904780815
real_gemini_long/real-looping-007,gemini,4,1.0,looping,0.9875667305482698,0.8794837066428538,0.7262250317726159,0.3802863238277846,0.16128355041977355,0.5480994050262119,0.9491774886548742,0.9566100010460087,0.9964214496218843,0.64324164562323,0.996756402498804,0.9693363016082994,415795.73685451166,18.957343851519504
real_gemini_long/real-looping-008,gemini,2,1.0,looping,0.9451205592025387,0.5192688081885868,0.6261577996728006,0.41765934797275817,0.21675818242651884,0.6917359884680134,0.5363668112971243,0.5698744656358362,0.9973793573787189,0.42504817491360397,0.9943756476574204,0.5977111646160403,0.0,0.0
real_gemini_long/real-looping-008,gemini,3,1.0,looping,0.9854596788028172,0.6142632390679786,0.6261577996728006,0.5905095959198496,0.2526162996805469,0.6974143501300605,0.7575432643737494,0.23360256758485873,0.998523576418909,0.7611896502883362,0.9928808727105973,0.5540359729126442,238081.77669537085,6.523431669377315
real_gemini_long/real-looping-008,gemini,4,1.0,looping,0.9926342887414384,0.8105298781466853,0.6616214829043907,0.4381957793359226,0.3752049808985906,0.514371869077022,0.8877376779365522,0.9706530256147591,0.9988413795138178,0.7693776940070505,0.9938104468868332,0.9431108879475499,542790.0233741587,14.956726982178685
real_gemini_long/real-looping-009,gemini,2,1.0,looping,0.9451205592025387,0.512059550783218,0.6746470270500705,0.6533646552484603,0.03501514149200463,0.7102317993267625,0.5267534730940762,0.8720893226889758,0.9973793573787189,0.7620111147986708,0.9926558859311205,0.9450442239872575,0.0,0.0
real_gemini_long/real-looping-009,gemini,3,1.0,looping,0.9854596788028172,0.6910945747535064,0.6746470270500705,0.328260418560727,0.11738327666078041,0.7084660469793985,0.8647023989780861,0.9863996644230295,0.998523576418909,0.44776293660794186,0.9919411412112202,0.9323209565824245,167655.0639392,6.042098210987826
real_gemini_long/real-looping-009,gemini,4,1.0,looping,0.9926342887414384,0.7570287424646358,0.7076584618049234,0.3500524492553942,0.08299705020649907,0.44065609796748156,0.931511059005094,0.9953674164142695,0.9988413795138178,0.47469447888113225,0.9916238696245232,0.9447385688443638,469343.87259167025,13.5747851945987
real_gemini_long/real-looping-010,gemini,2,1.0,looping,0.9451205592025387,0.512059550783218,0.5811864771706737,0.36297690692465373,0.4374691342568638,0.6449975614722823,0.23790200985378784,0.7301579866260327,0.9960382290379458,0.3647246840338007,0.9828667633460192,0.4861645531003844,0.0,0.0
real_gemini_long/real-looping-010,gemini,3,1.0,looping,0.9854596788028172,0.6910945747535064,0.6878646135142067,0.34235116782400754,0.2269662677647766,0.35704039316860353,0.5504416118762234,0.3513329549547424,0.9987863211310358,0.5380518151533923,0.9918564522342226,0.3033050435139218,215774.27695859002,6.717020150230146
real_gemini_long/real-looping-010,gemini,4,1.0,looping,0.9926342887414384,0.7570287424646358,0.7076584618049234,0.422671904944709,0.3550153391470223,0.43037595878234813,0.46327128066395346,0.9673884452272274,0.9988413795138178,0.48258846634296143,0.9918215386618264,0.8890336869404656,428161.50928941235,15.120664605681233
real_gemini_long/real-looping-011,gemini,2,1.0,looping,0.9451205592025387,0.6898058383939696,0.6836806362183065,0.47796501611133657,0.02649907028273653,0.6620152934036055,0.5146292176057676,0.196820719522143,0.9978452881962216,0.49538958327249827,0.9899867195282107,0.32973192447033456,0.0,0.0
real_gemini_long/real-looping-011,gemini,3,1.0,looping,0.985415006549835,0.3338608690594929,0.7202348854298966,0.3342319885935299,0.032712254985245014,0.2680004389837971,0.8255829765866851,0.4000925673310736,0.9986140419950841,0.30894287386845204,0.9833732369176194,0.4273972530530355,165615.97035874327,11.215502420606779
real_gemini_long/real-looping-011,gemini,4,1.0,looping,0.9875667305482698,0.7806486120939239,0.685791048653192,0.42081731361624514,0.035806789769112904,0.807005931196328,0.8842143524621017,0.8667698294212863,0.9962830539855487,0.529043194496125,0.9824903694974934,0.893191471764244,366068.81544450246,23.977181418305683
real_gemini_long/real-looping-012,gemini,2,1.0,looping,0.9451205592025387,0.512059550783218,0.5811864771706737,0.4301690810319245,0.03501514149200463,0.500376638576877,0.19593505748208895,0.4140062447752087,0.9949985125068567,0.3839456743300377,0.9581079822832475,0.4264070077366377,0.0,0.0
real_gemini_long/real-looping-012,gemini,3,1.0,looping,0.9854596788028172,0.6910945747535064,0.5859050264192976,0.4624580087395713,0.2055667783303704,0.6974143501300605,0.6421528590276756,0.2721801825085431,0.9977666973241358,0.5650352580415784,0.9799809042022907,0.470571137948681,279291.60253326106,6.376139005071286
real_gemini_long/real-looping-012,gemini,4,1.0,looping,0.9926342887414384,0.7570287424646358,0.7076584618049234,0.4715449293703733,0.15509481286870136,0.3998663415299731,0.783486643005165,0.9805301991515549,0.9988413795138178,0.5402684280468406,0.9931279749706599,0.8986805441641925,609852.1289111786,14.950325728462314
real_gemini_long/real-looping-013,gemini,2,1.0,looping,0.9451205592025387,0.5192688081885868,0.5810871850578722,0.4169357071719348,0.2843160107039148,0.36752285581403976,0.21496538095549042,0.9446287067281854,0.9960382290379458,0.5009842987944981,0.9734781371153708,0.8199690360768345,0.0,0.0
real_gemini_long/real-looping-013,gemini,3,1.0,looping,0.9854596788028172,0.6142632390679786,0.5810871850578722,0.5377119168257207,0.2592742071882261,0.47616366337833294,0.7113800150996831,0.8913594496809284,0.9977666973241358,0.618987928854032,0.9874149890524706,0.8075897742835918,189890.08924107178,7.574029985880298
real_gemini_long/real-looping-013,gemini,4,1.0,looping,0.9926342887414384,0.8105298781466853,0.608484456397425,0.5123073554687173,0.340298410103037,0.47468451948972806,0.6132359665768389,0.9930465898891664,0.9978679120674695,0.7042874930494264,0.9830322336410715,0.9436586937940945,464699.4412861264,16.874557845065116
real_gemini_long/real-tool_cascade-002,gemini,2,,tool_cascade,0.2429621200511546,0.5636810450460755,0.6746470270500705,0.34848707440443283,0.42464405786558995,0.7803255017586768,0.6945057279762819,0.19865186078913696,0.9896749791798145,0.29890840442416095,0.9709960136965314,0.23102647624823985,0.0,0.0
real_gemini_long/real-tool_cascade-002,gemini,3,,tool_cascade,0.6555375406987681,0.26394979662840257,0.6589157401268285,0.2871091214480817,0.34890146724868376,0.9403489316507155,0.188799723757231,0.1908457978620837,0.9958456738784023,0.05652834168987127,0.9918486275893156,0.16774884918704783,224924.3696618595,7.2101017824642515
real_gemini_long/real-tool_cascade-002,gemini,4,,tool_cascade,0.47339705789135916,0.23954817206074128,0.6817449628305756,0.38753301246619687,0.5283800219301595,0.824280875279946,0.21241501399243168,0.1922133690986169,0.9902838555681417,0.0731638124234875,0.9347682473641493,0.16909431588428364,428761.6388606618,15.07022163439676
real_gemini_long/real-tool_cascade-005,gemini,2,,tool_cascade,0.2429621200511546,0.5132197333405554,0.5859050264192976,0.4301690810319245,0.31164651816152067,0.8357757238820666,0.16220511077566677,0.5217987002106559,0.9838058957886389,0.3338747205101584,0.903986843323373,0.3704083330087094,0.0,0.0
real_gemini_long/real-tool_cascade-005,gemini,3,1.0,tool_cascade,0.6555375406987681,0.37830276609654506,0.5810871850578722,0.465193685086,0.30772166637315945,0.7803255017586768,0.3710199724954957,0.3929605416186092,0.9934958039553181,0.102358386898311,0.9855403033477749,0.3410228441604947,244399.9984255004,7.4842520395645895
real_gemini_long/real-tool_cascade-005,gemini,4,1.0,tool_cascade,0.6788147967701932,0.47863772650216635,0.6616214829043907,0.6251746149576154,0.30772166637315945,0.7803255017586768,0.6270637055438482,0.850153602258182,0.9967898502361295,0.7248574829658491,0.9930295616037464,0.832080879128474,518970.9448524843,19.357231481317456
real_gemini_long/real-tool_cascade-008,gemini,2,1.0,tool_cascade,0.8139288070289771,0.24929863144069492,0.6746470270500705,0.3497906159245658,0.42464405786558995,0.8629882348373955,0.44141754939066974,0.41063931331107967,0.9968189833610143,0.09890081771145474,0.9901367517861513,0.4150359859526182,0.0,0.0
real_gemini_long/real-tool_cascade-008,gemini,3,1.0,tool_cascade,0.723911776719869,0.5377613055908452,0.6746470270500705,0.6127046926138304,0.373926206894727,0.7450729943654152,0.21135113583527781,0.4126247681124858,0.9926018914143917,0.3502244789465893,0.9847466132096258,0.4225012217965099,171600.31111321462,5.395712748233876
real_gemini_long/real-tool_cascade-008,gemini,4,1.0,tool_cascade,0.7086487610568389,0.5576173270731615,0.7076584618049234,0.40864894430653387,0.3696381944458663,0.9792859752877986,0.1299534442716118,0.5195199163459208,0.9966892911753822,0.46956726860874115,0.9856372746813914,0.4949380300543405,490392.8906393354,13.966336963039376
real_gemini_long/real-tool_cascade-009,gemini,2,,tool_cascade,0.2429621200511546,0.5132197333405554,0.6261577996728006,0.6573009940139137,0.42464405786558995,0.8629882348373955,0.3492427582334818,0.18173758894288392,0.9896749791798145,0.7572957865226397,0.9637447619726424,0.5366102929922674,0.0,0.0
real_gemini_long/real-tool_cascade-009,gemini,3,1.0,tool_cascade,0.6555375406987681,0.37830276609654506,0.6261577996728006,0.41207571752878813,0.42464405786558995,0.7803255017586768,0.17907622645815574,0.43741557559033656,0.9963167657589408,0.08820626506065446,0.992527461176029,0.32553719673867937,159481.76400708896,6.843722888104455
real_gemini_long/real-tool_cascade-009,gemini,4,1.0,tool_cascade,0.6788147967701932,0.47863772650216635,0.6616214829043907,0.3847030141811987,0.42464405786558995,0.8357757238820666,0.4562941179921267,0.7075844295695047,0.9967898502361295,0.40063555958034586,0.9900108767113375,0.5383591133085271,456260.7210159194,17.90089051562805
real_gemini_long/real-tool_cascade-010,gemini,2,,tool_cascade,0.2429621200511546,0.5132197333405554,0.6358109611929054,0.42385372154688816,0.42464405786558995,0.8140197761830071,0.19829740076169047,0.6248621409827667,0.9919031704200697,0.30290957565906934,0.9409948483004357,0.6098862873416712,0.0,0.0
real_gemini_long/real-tool_cascade-010,gemini,3,1.0,tool_cascade,0.6555375406987681,0.37830276609654506,0.6402949811898903,0.46938793452746674,0.42464405786558995,0.7803255017586768,0.44073589061129126,0.2988086482079611,0.9964584010389153,0.08085804987237358,0.9871143169728576,0.38404564756721765,207186.65072972613,7.222506680162462
real_gemini_long/real-tool_cascade-010,gemini,4,1.0,tool_cascade,0.6788147967701932,0.47863772650216635,0.6616214829043907,0.46160651440118794,0.42464405786558995,0.8272430045542802,0.24138278292318943,0.4459534836528259,0.9967898502361295,0.3805326379843778,0.9897027426043065,0.42917055294050505,428539.96064663876,17.92722270585398
real_gemini_long/real-tool_cascade-012,gemini,2,1.0,tool_cascade,0.8139288070289771,0.3142930460492229,0.6836806362183065,0.4274747413194462,0.30772166637315945,0.8629882348373955,0.04850242883907468,0.47414040799216245,0.9969413656269877,0.14124091714871395,0.9895727916327336,0.4723896345284295,0.0,0.0
real_gemini_long/real-tool_cascade-012,gemini,3,1.0,tool_cascade,0.8605044051504392,0.33576378291659514,0.6878646135142067,0.5317994164095033,0.30772166637315945,0.7450729943654152,0.050877986045069816,0.1687000641815908,0.9971686046776577,0.18229764362984038,0.9906870541872383,0.29304845305359056,301477.4600791374,6.2399315123775825
real_gemini_long/real-tool_cascade-012,gemini,4,1.0,tool_cascade,0.7698237600208157,0.646041082805287,0.7076584618049234,0.3821024921245514,0.30772166637315945,0.8272430045542802,0.22960471460773943,0.3240743550783344,0.9967898502361295,0.38512704807244547,0.9901163243342197,0.3639630104321801,529329.2818835432,18.62457516585678
real_gemini_long/real-rate_limit-002,gemini,2,1.0,rate_limit,0.9247325749635534,0.4609155696080855,0.6261577996728006,0.4686340355153787,0.42464405786558995,0.7803255017586768,0.704051765912953,0.8605799067133539,0.9973793573787189,0.454543601729943,0.9960604404772964,0.8487412900493083,0.0,0.0
real_gemini_long/real-rate_limit-002,gemini,3,1.0,rate_limit,0.9475805288586147,0.6207186189919608,0.672792844088852,0.5295756699556424,0.42464405786558995,0.8140197761830071,0.5780381384872093,0.5275198691862161,0.9981920146449264,0.6027387383371353,0.9963437251665652,0.6651656596048868,205402.9984249477,10.827714231976332
real_gemini_long/real-rate_limit-002,gemini,4,1.0,rate_limit,0.9648168133834091,0.7406239935130298,0.6609789064177843,0.4645759695293475,0.09424796182150068,0.40425244791990944,0.8220051516882348,0.9805490459355345,0.9963198364626986,0.6421319215998181,0.9924672333688499,0.9141601296525059,449550.51239270845,15.49002092046359
real_gemini_long/real-rate_limit-005,gemini,2,,rate_limit,0.2429621200511546,0.5132197333405554,0.6402949811898903,0.4518827751839738,0.3587575766728196,0.8560089626963392,0.16220511077566677,0.5217987002106559,0.9919031704200697,0.5022049335946283,0.9207878728193138,0.495138116011711,0.0,0.0
real_gemini_long/real-rate_limit-005,gemini,3,,rate_limit,0.022582413442783878,0.6299321916491218,0.6357165022428645,0.523910669435087,0.3587575766728196,0.7450729943654152,0.30569299835582475,0.553215312792068,0.9784271924301998,0.47297560239550435,0.9469072437221538,0.4219298465427784,246776.91664046416,2.8657905226695526
real_gemini_long/real-rate_limit-005,gemini,4,1.0,rate_limit,0.9245079096216444,0.5582645898228912,0.6616214829043907,0.465193685086,0.3587575766728196,0.7803255017586768,0.8837310750666234,0.8712442447909922,0.997928962007206,0.44772179303744825,0.9939097903696635,0.8241908113936123,513217.7331103783,11.340857268570396
real_gemini_long/real-rate_limit-007,gemini,2,,rate_limit,0.2429621200511546,0.5636810450460755,0.6402949811898903,0.3879914372068737,0.30772166637315945,0.8629882348373955,0.7372218671051871,0.83555294024002,0.9919031704200697,0.46057390047269353,0.9884172718322844,0.8299550206380486,0.0,0.0
real_gemini_long/real-rate_limit-007,gemini,3,1.0,rate_limit,0.9459671034472518,0.5797847853167654,0.6357165022428645,0.5744691970641758,0.17229309583864238,0.5385254130821906,0.8233687947818051,0.26867752065242784,0.998297737082115,0.6923687922074161,0.994171102291777,0.5120078186723583,244633.21184901698,6.922464085966493
real_gemini_long/real-rate_limit-007,gemini,4,1.0,rate_limit,0.7872555899170203,0.7783153950240276,0.7040372394043071,0.41274669207454745,0.08030327328363175,0.6938497260375812,0.32791504149648293,0.246600994230635,0.9904206097901674,0.5097214211587495,0.9735472740441519,0.5661970573276205,405176.2013789196,28.021270747386342
real_gemini_long/real-rate_limit-008,gemini,2,,rate_limit,0.2429621200511546,0.5636810450460755,0.6746470270500705,0.5714049563401212,0.3587575766728196,0.8629882348373955,0.26271118089312084,0.44831694292841695,0.9896749791798145,0.49831540751205083,0.9591722777336702,0.5509985263565291,0.0,0.0
real_gemini_long/real-rate_limit-008,gemini,3,1.0,rate_limit,0.9459671034472518,0.5797847853167654,0.6746470270500705,0.42488355623595647,0.3587575766728196,0.7803255017586768,0.2031339862065949,0.2561376303050556,0.99829001760979,0.3834488252622879,0.9891948996200337,0.3102620466897939,304620.2253459095,6.469979602419391
real_gemini_long/real-rate_limit-008,gemini,4,1.0,rate_limit,0.5340862359953734,0.29401198730968026,0.7076584618049234,0.3769901735806674,0.42464405786558995,0.8140197761830071,0.14418208410226277,0.21481463329232825,0.9910984745877165,0.09211723412833213,0.9693937297607583,0.1982388294017857,566248.5966004992,11.126751538938752
real_gemini_long/real-rate_limit-009,gemini,2,,rate_limit,0.2429621200511546,0.5132197333405554,0.6261577996728006,0.5409867443841674,0.42464405786558995,0.8560089626963392,0.3492427582334818,0.18173758894288392,0.9896749791798145,0.5000228169120615,0.9637447619726424,0.3599245369781134,0.0,0.0
real_gemini_long/real-rate_limit-009,gemini,3,1.0,rate_limit,0.9459671034472518,0.6596787844029844,0.6261577996728006,0.5358833133222236,0.42464405786558995,0.7450729943654152,0.46332764120915687,0.5949912770674163,0.99829001760979,0.6617854846855339,0.992856535494496,0.7253493561605571,181332.16135430383,6.64384302590479
real_gemini_long/real-rate_limit-009,gemini,4,1.0,rate_limit,0.7872555899170203,0.72395693386724,0.7040372394043071,0.6369118884737779,0.421925648046265,0.9253389395450886,0.6055130664826892,0.20062548886637924,0.9904206097901674,0.5647325098213957,0.9722873737699663,0.3101921212813488,395848.67214430036,25.855798046486154
real_gemini_long/real-rate_limit-010,gemini,2,1.0,rate_limit,0.9247325749635534,0.4537517789047647,0.6358109611929054,0.5320649463254183,0.3587575766728196,0.8560089626963392,0.36758460687263983,0.7511180477406877,0.9972824554770587,0.509021901731781,0.991431428538323,0.7658766477905987,0.0,0.0
real_gemini_long/real-rate_limit-010,gemini,3,1.0,rate_limit,0.564247121702921,0.5811739910590188,0.6402949811898903,0.4550447094491722,0.3587575766728196,0.7450729943654152,0.14199280310901527,0.6918676468721165,0.993551937309213,0.5157745793651033,0.9759302291211265,0.7348322707212819,212170.9839350068,5.649169302364808
real_gemini_long/real-rate_limit-010,gemini,4,1.0,rate_limit,0.964122014788821,0.5358706725422242,0.6616214829043907,0.44976494981799126,0.42464405786558995,0.8140197761830071,0.37838044748115335,0.9084447574590607,0.9982117474396441,0.4559896831000236,0.9958737488701885,0.8575646454621934,536356.4566912447,13.256656293833812
real_gemini_long/real-rate_limit-013,gemini,2,,rate_limit,0.2429621200511546,0.5636810450460755,0.5810871850578722,0.47612289189200774,0.30772166637315945,0.8560089626963392,0.07984086714420091,0.4584213527273843,0.9844525536155894,0.42989095885454676,0.8674518883045408,0.3760892141510851,0.0,0.0
real_gemini_long/real-rate_limit-013,gemini,3,1.0,rate_limit,0.9459671034472518,0.5797847853167654,0.6835924144473453,0.5419707931811731,0.30772166637315945,0.7803255017586768,0.20364026315465517,0.5069823155538571,0.998297737082115,0.5294780795716377,0.9831419873022131,0.4460777545148849,217737.75197452802,6.369104394843138
real_gemini_long/real-rate_limit-013,gemini,4,1.0,rate_limit,0.5340862359953734,0.29401198730968026,0.7076584618049234,0.5000422091080656,0.3696381944458663,0.9792859752877986,0.19458952930700427,0.3132576354773198,0.9887769892760431,0.10161478210831995,0.9392174955067907,0.16634223271983398,492078.43067121156,12.576067995297258
real_gemini_long/real-timeout-000,gemini,2,1.0,timeout,0.8139288070289771,0.368999012706176,0.6357165022428645,0.40849207013169614,0.31164651816152067,0.8357757238820666,0.16103106312214746,0.2296363518490709,0.9969413656269877,0.2032188137291664,0.987805162080961,0.2736834829767779,0.0,0.0
real_gemini_long/real-timeout-000,gemini,3,1.0,timeout,0.9475805288586147,0.16567530922279236,0.6094392598987011,0.35434627738628766,0.30772166637315945,0.7803255017586768,0.23284150435042647,0.37644405061929703,0.9981241770019579,0.1042286951620724,0.9808512231294239,0.4057667203207897,230326.89014754645,18.224526506133305
real_gemini_long/real-timeout-000,gemini,4,1.0,timeout,0.5012633959808761,0.4947570835685981,0.6913488573515275,0.6359139003637307,0.2254500697172798,0.7981914427799671,0.2806642998044637,0.65221368936391,0.992125177625063,0.7054910448496743,0.9802762990493679,0.6497995765102105,383045.93948722817,28.748087413577107
real_gemini_long/real-timeout-001,gemini,2,,timeout,0.2429621200511546,0.5636810450460755,0.6358109611929054,0.6214758135603546,0.30772166637315945,0.8629882348373955,0.6382362014808579,0.578283112551237,0.9919031704200697,0.5714443716007659,0.9677059090880721,0.6076437453224103,0.0,0.0
real_gemini_long/real-timeout-001,gemini,3,1.0,timeout,0.6555375406987681,0.26394979662840257,0.6358109611929054,0.6919249009857074,0.1791312378793915,0.5385254130821906,0.5529262244479182,0.39789656103734533,0.9964584010389153,0.24625572087058992,0.9885084151294629,0.6160214546313149,185162.51275937568,6.640576973512005
real_gemini_long/real-timeout-001,gemini,4,1.0,timeout,0.6788147967701932,0.5093373591364779,0.6616214829043907,0.6298871728881957,0.45164497343186605,0.5321508342649695,0.535956647060528,0.4600530253772362,0.9967898502361295,0.5845265956719716,0.9833654309587133,0.6662198115713225,460942.84881634667,18.12578421257531
real_gemini_long/real-timeout-002,gemini,2,1.0,timeout,0.8139288070289771,0.24929863144069492,0.6746470270500705,0.3757598344617609,0.3587575766728196,0.8629882348373955,0.4048908315601328,0.35461969746695327,0.9968189833610143,0.09621201117104601,0.9925676153669178,0.3622631407394719,0.0,0.0
real_gemini_long/real-timeout-002,gemini,3,1.0,timeout,0.8601303208907978,0.3031644744121398,0.721387038049934,0.5327993533567816,0.3587575766728196,0.7450729943654152,0.6636554747819773,0.5608489739669903,0.9971360112858345,0.08763920455668596,0.9956649941879243,0.3535652188599348,243711.63696537254,9.532611642163769
real_gemini_long/real-timeout-002,gemini,4,1.0,timeout,0.6303593484619318,0.8031725658941421,0.681797149885516,0.42081731361624514,0.3587575766728196,0.8717272088191708,0.7326691358924827,0.6294833136956829,0.9919025629345616,0.5458961305251825,0.9950872440252309,0.6122108279969786,564408.9142257429,16.153098981703394
real_gemini_long/real-timeout-005,gemini,2,1.0,timeout,0.8139288070289771,0.3142930460492229,0.6402949811898903,0.7442815057950348,0.30772166637315945,0.8560089626963392,0.6530790811941902,0.5567010238051239,0.9969413656269877,0.42169826297249874,0.9892681063118124,0.6970782519560684,0.0,0.0
real_gemini_long/real-timeout-005,gemini,3,1.0,timeout,0.723911776719869,0.5785804186307039,0.6765237543851849,0.5421828031596072,0.212917197495733,0.6993990586682742,0.39919000393673876,0.3693740386105888,0.9933788841967349,0.5790719885360411,0.9766439977676032,0.49504501574267384,291020.7505575913,15.829495818047508
real_gemini_long/real-timeout-005,gemini,4,1.0,timeout,0.7086487610568389,0.47863772650216635,0.6405826294752097,0.5409867443841674,0.21797941318842362,0.5317777846791366,0.5884542140724063,0.712061551213829,0.9967674408296822,0.5347148067996537,0.9735623371425387,0.6956502434844144,589445.9831161282,24.0706746833727
real_gemini_long/real-timeout-007,gemini,2,,timeout,0.2429621200511546,0.5636810450460755,0.6516027911815808,0.2844532781882261,0.30772166637315945,0.8629882348373955,0.7372218671051871,0.83555294024002,0.9937224194735541,0.34437733245853536,0.9886852417165811,0.8078425101235613,0.0,0.0
real_gemini_long/real-timeout-007,gemini,3,1.0,timeout,0.6555375406987681,0.26394979662840257,0.6835924144473453,0.4358140247149561,0.30772166637315945,0.7450729943654152,0.5012806173095331,0.26214779764470236,0.9964584010389153,0.10160791628796957,0.9936949273234271,0.35970772864237305,192986.60129033434,6.903609430277569
real_gemini_long/real-timeout-007,gemini,4,1.0,timeout,0.5061271999229081,0.7430214489666813,0.7465144113815702,0.3547909288242884,0.3053545071243381,0.9253389395450886,0.24694392122689168,0.2243183664483377,0.989149001945656,0.3956168171043274,0.9798115563431318,0.3959067153360244,338647.99355211295,27.829924502784014
real_gemini_long/real-timeout-008,gemini,2,1.0,timeout,0.8139288070289771,0.24929863144069492,0.5710622230977062,0.37308307729612594,0.30772166637315945,0.8629882348373955,0.12169786070967793,0.5438483721430413,0.9941562495070753,0.09842471909695318,0.9883276444036476,0.5381222781298283,0.0,0.0
real_gemini_long/real-timeout-008,gemini,3,1.0,timeout,0.723911776719869,0.5377613055908452,0.5710622230977062,0.46281029511422433,0.31164651816152067,0.7450729943654152,0.07286192463641188,0.4097068188980176,0.9902296872282352,0.3502244789465893,0.9794380815897037,0.5478268220160749,166637.25738579204,9.132405590453924
real_gemini_long/real-timeout-008,gemini,4,1.0,timeout,0.7086487610568389,0.5576173270731615,0.7076584618049234,0.36774173720014885,0.30772166637315945,0.8357757238820666,0.04747267063765015,0.5031280101109372,0.9966892911753822,0.46956726860874115,0.9817128870243254,0.6669653823773467,434976.3352675707,17.298650583015853
real_gemini_long/real-timeout-009,gemini,2,,timeout,0.2429621200511546,0.5132197333405554,0.5710622230977062,0.3907036147010634,0.42464405786558995,0.8272430045542802,0.3492427582334818,0.18173758894288392,0.9811453245457641,0.34796331244578765,0.9428805953588649,0.28404651298248784,0.0,0.0
real_gemini_long/real-timeout-009,gemini,3,1.0,timeout,0.6555375406987681,0.37830276609654506,0.5710622230977062,0.30269085843391497,0.42464405786558995,0.7450729943654152,0.16480302381674022,0.29348349037975885,0.9932364929696426,0.05881099080797306,0.9843312378780011,0.21390343181523622,124543.12418727114,6.538399046996377
real_gemini_long/real-timeout-009,gemini,4,1.0,timeout,0.6788147967701932,0.47863772650216635,0.7076584618049234,0.4537573621676094,0.42464405786558995,0.8717272088191708,0.1131695529063725,0.43819436237740406,0.9967898502361295,0.3446353365099202,0.9845536855296367,0.41718358244803494,388696.7908832588,17.383202877130294
real_gemini_long/real-timeout-010,gemini,2,1.0,timeout,0.8139288070289771,0.3142930460492229,0.6836806362183065,0.5223184535865012,0.42464405786558995,0.8140197761830071,0.07838230808928211,0.6055385453652983,0.9969413656269877,0.13181564588865005,0.9811435112274897,0.437621319644079,0.0,0.0
real_gemini_long/real-timeout-010,gemini,3,1.0,timeout,0.8605044051504392,0.33576378291659514,0.6878646135142067,0.3984595408644966,0.42464405786558995,0.7450729943654152,0.05893189240032614,0.40737129055373156,0.9971686046776577,0.07949325102471584,0.9826569681508428,0.2746330301603053,262518.209986632,6.676921891534317
real_gemini_long/real-timeout-010,gemini,4,1.0,timeout,0.7698237600208157,0.646041082805287,0.7076584618049234,0.40305186714876406,0.42464405786558995,0.8717272088191708,0.07331499885316933,0.41666373939963075,0.9967898502361295,0.376888066583001,0.9813478285503302,0.5160075306366078,523106.0537193666,24.877047942246538
real_gemini_long/real-timeout-012,gemini,2,1.0,timeout,0.8139288070289771,0.3142930460492229,0.6836806362183065,0.45540773696049497,0.3696381944458663,0.7803255017586768,0.12974946265331855,0.25161292417328657,0.9969413656269877,0.12917329316633935,0.9901451377450298,0.28128644597497854,0.0,0.0
real_gemini_long/real-timeout-012,gemini,3,1.0,timeout,0.8415711350722784,0.7420283518857166,0.713160959714957,0.3658994495158105,0.3670472727143591,0.9253389395450886,0.4912000653548979,0.3501607097463896,0.9966041032978771,0.31938296018967594,0.9847841401830834,0.5600778123789337,293022.76639462786,17.989625078109366
real_gemini_long/real-wrong_document-000,gemini,2,1.0,wrong_document,0.2429621200511546,0.6461808588058874,0.6835924144473453,0.6131863787776238,0.30772166637315945,0.8357757238820666,0.47223855896033,0.7219479784563765,0.9914990162033582,0.5964117969469859,0.9318782249572223,0.7161671531260602,0.0,0.0
real_gemini_long/real-wrong_document-000,gemini,3,1.0,wrong_document,0.3949135190346684,0.27861041229519184,0.6746470270500705,0.5587819395529044,0.31164651816152067,0.7803255017586768,0.6291494557491758,0.9576937857691463,0.9941633811589745,0.2761921165330286,0.9692058449194983,0.7912576315411778,254795.28126497983,2.0084358485229097
real_gemini_long/real-wrong_document-000,gemini,4,1.0,wrong_document,0.6310347590505615,0.21625405122329902,0.7076584618049234,0.4258998183167575,0.30772166637315945,0.8397562736705497,0.34619185770114,0.848794749911285,0.9770095689016572,0.20000518601103087,0.9677615449498941,0.4456005845760273,451116.3278667958,5.4205168460164135
real_gemini_long/real-wrong_document-002,gemini,2,1.0,wrong_document,0.2429621200511546,0.5636810450460755,0.6261577996728006,0.48850372832167993,0.3587575766728196,0.836561457226845,0.21759535770626265,0.4702774912835117,0.9887077445773932,0.5374946139037858,0.9416511450560183,0.5478246160437419,0.0,0.0
real_gemini_long/real-wrong_document-002,gemini,3,1.0,wrong_document,0.3949135190346684,0.6557180646469115,0.6261577996728006,0.4047679244102081,0.42464405786558995,0.7803255017586768,0.5180110335703252,0.27777464171068494,0.9941633811589745,0.35420297793159733,0.9649006737158918,0.2962273722607675,227060.29601930763,3.909345931849474
real_gemini_long/real-wrong_document-002,gemini,4,1.0,wrong_document,0.6310347590505615,0.36503012287314884,0.6659546758549906,0.4624580087395713,0.42464405786558995,0.8357757238820666,0.31309862272425054,0.2193673596469985,0.9770095689016572,0.0863762124195871,0.9653705179682328,0.12657230750050588,449673.0980443964,7.434673349871848
real_gemini_long/real-wrong_document-005,gemini,2,1.0,wrong_document,0.2429621200511546,0.5132197333405554,0.6402949811898903,0.5330275721703228,0.30772166637315945,0.8560089626963392,0.25275177558265227,0.4916576664271871,0.9919031704200697,0.5286713222208953,0.9193249810415821,0.5077335030176907,0.0,0.0
real_gemini_long/real-wrong_document-005,gemini,3,1.0,wrong_document,0.3949135190346684,0.6274470029892374,0.6357165022428645,0.5515684360987381,0.30772166637315945,0.7450729943654152,0.24711304629737665,0.7663119957399006,0.9951983359979628,0.6796188616919504,0.9367754959240345,0.7031728330150909,327171.38195827615,2.869881501290315
real_gemini_long/real-wrong_document-005,gemini,4,1.0,wrong_document,0.6310347590505615,0.30365421965029704,0.6616214829043907,0.5665466925162227,0.30772166637315945,0.8717272088191708,0.27424486012348176,0.6577254427227385,0.9770095689016572,0.19900058201742238,0.9646628388108379,0.5269901461402102,599245.4380127275,6.024572667542783
real_gemini_long/real-wrong_document-007,gemini,2,1.0,wrong_document,0.2429621200511546,0.5636810450460755,0.6878646135142067,0.3782088398053841,0.373926206894727,0.8357757238820666,0.35686144245430934,0.7864377486099895,0.9919031704200697,0.30853318232431065,0.9901801626893358,0.7115582778778272,0.0,0.0
real_gemini_long/real-wrong_document-007,gemini,3,1.0,wrong_document,0.3949135190346684,0.6557180646469115,0.6746470270500705,0.410765835799768,0.212917197495733,0.7174800407554016,0.6116034413499633,0.2905339727508188,0.9941633811589745,0.3602893942924208,0.9757908345262546,0.2384217557861409,248200.35815762976,3.4605870865301824
real_gemini_long/real-wrong_document-007,gemini,4,1.0,wrong_document,0.15056755001648892,0.8020583602044196,0.7465144113815702,0.38123889167467223,0.15525463422814123,0.5743937326659735,0.3590486706241376,0.2501055016633301,0.9877418034006705,0.3324429828611188,0.9048168383136149,0.39957307881220594,501436.17478563136,20.94055306729629
real_gemini_long/real-wrong_document-008,gemini,2,1.0,wrong_document,0.2429621200511546,0.5636810450460755,0.5710622230977062,0.26930753581928923,0.3587575766728196,0.8629882348373955,0.12074160119900876,0.5866187223870486,0.9811453245457641,0.25352232765331983,0.8944361220647417,0.498444712802904,0.0,0.0
real_gemini_long/real-wrong_document-008,gemini,3,1.0,wrong_document,0.3949135190346684,0.6557180646469115,0.5710622230977062,0.31650714936625296,0.3587575766728196,0.7450729943654152,0.36269446490598684,0.3008817920328542,0.9893015798350181,0.29888415253908124,0.9171967448791982,0.3516802409739709,240758.0868619426,4.484248197658321
real_gemini_long/real-wrong_document-008,gemini,4,1.0,wrong_document,0.6310347590505615,0.36503012287314884,0.608484456397425,0.33996328521116936,0.31164651816152067,0.8693075014121215,0.12098698195110044,0.2094430780280753,0.9584560416526461,0.09073424726752302,0.8941085932759819,0.17011132435912035,503802.3224360273,8.062380725772229
real_gemini_long/real-wrong_document-009,gemini,2,1.0,wrong_document,0.2429621200511546,0.5132197333405554,0.6261577996728006,0.6378030598602928,0.42464405786558995,0.8140197761830071,0.26040937708753614,0.30510153697774717,0.9896749791798145,0.40830589503214887,0.9839062052276145,0.37873411827428405,0.0,0.0
real_gemini_long/real-wrong_document-009,gemini,3,1.0,wrong_document,0.3949135190346684,0.6274470029892374,0.6261577996728006,0.52873544453742,0.42464405786558995,0.7803255017586768,0.2705567795468622,0.5076600382213224,0.9941633811589745,0.5391705247988552,0.9589332797351932,0.6517341811119428,125433.17721509414,4.9105608840265695
real_gemini_long/real-wrong_document-009,gemini,4,1.0,wrong_document,0.6310347590505615,0.30365421965029704,0.6616214829043907,0.5816067353533377,0.42464405786558995,0.8357757238820666,0.36908048909030805,0.2313811262785091,0.974885963189137,0.1584441584759751,0.9805348695916877,0.26921407230444233,308939.33263580385,8.750919284032332
real_gemini_long/real-wrong_document-010,gemini,2,1.0,wrong_document,0.2429621200511546,0.5132197333405554,0.6358109611929054,0.5330275721703228,0.3587575766728196,0.8272430045542802,0.28130365814682023,0.49824629376977375,0.9919031704200697,0.5666659810004309,0.9604054234661126,0.6474168405075506,0.0,0.0
real_gemini_long/real-wrong_document-010,gemini,3,1.0,wrong_document,0.3949135190346684,0.6274470029892374,0.6402949811898903,0.410549860706485,0.3587575766728196,0.7450729943654152,0.1915313396780551,0.6218770812166277,0.995427428047491,0.458866731185328,0.9518628101575087,0.5842089790199825,191506.3404544546,2.3537358900021967
real_gemini_long/real-wrong_document-010,gemini,4,1.0,wrong_document,0.6310347590505615,0.30365421965029704,0.6616214829043907,0.5515684360987381,0.3587575766728196,0.8717272088191708,0.1927407887346862,0.1981880338596927,0.9770095689016572,0.1943220754408812,0.9567658720364155,0.27861053179283857,413677.64168315055,6.739899470681408
real_gemini_long/real-wrong_document-011,gemini,2,1.0,wrong_document,0.2429621200511546,0.6461808588058874,0.6836806362183065,0.7445787847186073,0.31164651816152067,0.8357757238820666,0.20002540975486768,0.1611306860059658,0.9919031704200697,0.7546430657658343,0.939347194511892,0.48243292483747047,0.0,0.0
real_gemini_long/real-wrong_document-011,gemini,3,1.0,wrong_document,0.3949135190346684,0.27861041229519184,0.6878646135142067,0.5876380538538408,0.3576376542229033,0.5552572952419127,0.5077313969480098,0.26523387061557185,0.995427428047491,0.3227933034830139,0.9064157283021909,0.291211790870997,388976.7719451736,5.279604400634671
real_gemini_long/real-wrong_document-011,gemini,4,1.0,wrong_document,0.15056755001648892,0.4613236222636766,0.7268994065044821,0.8448373760881668,0.2939718522721941,0.5929710196164217,0.4447274655271073,0.7224302965200521,0.9799956661849489,0.6129169944349583,0.9095625090131264,0.7554299560843593,763502.1820925896,14.011251531238344
real_gemini_long/real-wrong_document-012,gemini,2,1.0,wrong_document,0.2429621200511546,0.5132197333405554,0.5811864771706737,0.36297690692465373,0.3587575766728196,0.8272430045542802,0.07331976567274939,0.23531798671794926,0.9851867060754533,0.32440559588275475,0.9075082869365702,0.25386809211209527,0.0,0.0
real_gemini_long/real-wrong_document-012,gemini,3,1.0,wrong_document,0.3949135190346684,0.6274470029892374,0.6402949811898903,0.5287503784856606,0.3587575766728196,0.7450729943654152,0.16531389368158433,0.46628541324178274,0.995427428047491,0.5970506414459608,0.9432124975129789,0.5418166836001944,263291.25485618284,6.267273846378776
real_gemini_long/real-wrong_document-012,gemini,4,1.0,wrong_document,0.6310347590505615,0.30365421965029704,0.6616214829043907,0.6280721952572161,0.3587575766728196,0.8717272088191708,0.15823728487932426,0.21088252944064798,0.9770095689016572,0.1958409096759462,0.9260050773184282,0.3467164383985758,428498.9702822783,11.90131905935969
real_gemini_long/real-wrong_document-013,gemini,2,1.0,wrong_document,0.2429621200511546,0.5636810450460755,0.5810871850578722,0.42967235355963296,0.31164651816152067,0.8357757238820666,0.06070616376644639,0.5650270199390114,0.9844525536155894,0.40709160267898725,0.9169657602154901,0.5629649106278206,0.0,0.0
real_gemini_long/real-wrong_document-013,gemini,3,1.0,wrong_document,0.3949135190346684,0.6557180646469115,0.5810871850578722,0.3499953988811729,0.30772166637315945,0.7803255017586768,0.051975604044902805,0.4695534897977735,0.9911909951163765,0.41756709290547717,0.8874124521429477,0.38639656493543045,306912.48158566083,3.935750303677045
real_gemini_long/real-wrong_document-013,gemini,4,1.0,wrong_document,0.6310347590505615,0.36503012287314884,0.608484456397425,0.48538791385740376,0.30772166637315945,0.8357757238820666,0.09603812506361087,0.30559601658151897,0.9546981271294261,0.11906690033213027,0.8480062663594577,0.17406178657973598,690900.6820436508,9.992656401636332
real_gemini_long/real-malformed_json-000,gemini,2,1.0,malformed_json,0.2429621200511546,0.6461808588058874,0.5810871850578722,0.40732280434844415,0.42464405786558995,0.8560089626963392,0.44880569313515334,0.22083690111058232,0.983004490397466,0.46327170377912197,0.9385276894315375,0.2847943516837972,0.0,0.0
real_gemini_long/real-malformed_json-000,gemini,3,1.0,malformed_json,0.3949135190346684,0.27861041229519184,0.6746470270500705,0.5051986571912972,0.31164651816152067,0.7803255017586768,0.6257544762918902,0.9567123501377562,0.9941633811589745,0.41989842561301005,0.9792010566208175,0.8597684858044851,176212.06997561347,3.089039403935343
real_gemini_long/real-malformed_json-000,gemini,4,1.0,malformed_json,0.6310347590505615,0.21625405122329902,0.7076584618049234,0.4199899132015313,0.30772166637315945,0.8357757238820666,0.4465284727405584,0.8456940735764732,0.9770095689016572,0.20971644508281231,0.9796921370396569,0.4092524932980414,329117.5005658453,6.76667023930732
real_gemini_long/real-malformed_json-001,gemini,2,1.0,malformed_json,0.2429621200511546,0.5636810450460755,0.6358109611929054,0.5653487232147744,0.42464405786558995,0.8629882348373955,0.8343360723126431,0.4437615592427057,0.9911428018053583,0.6101611010982898,0.9697210558475682,0.5794147310841642,0.0,0.0
real_gemini_long/real-malformed_json-001,gemini,3,1.0,malformed_json,0.3949135190346684,0.6557180646469115,0.6358109611929054,0.5292993153739948,0.42464405786558995,0.8140197761830071,0.8432943700339923,0.6215387561184503,0.995427428047491,0.4871516022536255,0.9793288136563303,0.6710847796962099,182582.89776015765,3.8473787883194
real_gemini_long/real-malformed_json-001,gemini,4,1.0,malformed_json,0.6310347590505615,0.36503012287314884,0.6616214829043907,0.5467785915067179,0.42464405786558995,0.8357757238820666,0.6073497169435962,0.6332712524837929,0.9770095689016572,0.10193749147009787,0.9689079952117039,0.4417666813494066,376611.5218760648,11.049207122428957
real_gemini_long/real-malformed_json-002,gemini,2,1.0,malformed_json,0.2429621200511546,0.5636810450460755,0.5710622230977062,0.4495026952313211,0.42464405786558995,0.8629882348373955,0.813245736553857,0.33563999790328597,0.9793956785086436,0.3625666494496318,0.9725843302240592,0.3587539043001977,0.0,0.0
real_gemini_long/real-malformed_json-002,gemini,3,1.0,malformed_json,0.3949135190346684,0.6557180646469115,0.5710622230977062,0.3974047065189347,0.42464405786558995,0.7450729943654152,0.4930636214560186,0.5467176992691277,0.9893015798350181,0.41365650940003745,0.9306574162543025,0.5872117856546802,151609.1522894455,4.022360049341553
real_gemini_long/real-malformed_json-002,gemini,4,1.0,malformed_json,0.6310347590505615,0.36503012287314884,0.7116590428456961,0.4199899132015313,0.42464405786558995,0.8357757238820666,0.36119884927968227,0.2022047393565912,0.9770095689016572,0.1049752976626318,0.965437744918139,0.15262664570318998,400397.64519628015,8.780098503988238
real_gemini_long/real-malformed_json-003,gemini,2,1.0,malformed_json,0.2429621200511546,0.7221069282680095,0.5710622230977062,0.5424688996495588,0.10824119923341652,0.37978277741062594,0.8400843268016253,0.6404569874798037,0.9811453245457641,0.504564503558008,0.9696995608268792,0.5156041566755678,0.0,0.0
real_gemini_long/real-malformed_json-003,gemini,3,1.0,malformed_json,0.3949135190346684,0.6557180646469115,0.5710622230977062,0.496999653017452,0.0800177357606233,0.6180241196959269,0.7606459124674949,0.5895666307818076,0.9882997792031614,0.3903669978093807,0.96607490419979,0.3098777859393316,342099.74751621485,4.576445493838023
real_gemini_long/real-malformed_json-003,gemini,4,1.0,malformed_json,0.6310347590505615,0.6156412999041178,0.7076584618049234,0.3995934541518495,0.11933052960754656,0.4901595390192235,0.4650632399808877,0.558172941404822,0.9770095689016572,0.42040557678358603,0.9633670067828699,0.2551555936248513,668889.702748563,8.744014620317866
real_gemini_long/real-malformed_json-005,gemini,2,1.0,malformed_json,0.2429621200511546,0.5132197333405554,0.6402949811898903,0.5409867443841674,0.30772166637315945,0.8629882348373955,0.3852809563822562,0.2538927983900593,0.9919031704200697,0.4764327762254401,0.9473998086233575,0.31810776200754104,0.0,0.0
real_gemini_long/real-malformed_json-005,gemini,3,1.0,malformed_json,0.3949135190346684,0.6274470029892374,0.6357165022428645,0.43188492471866835,0.30772166637315945,0.7450729943654152,0.6296177212336168,0.36764571489937203,0.9951983359979628,0.46029936371586067,0.9853691245097034,0.3699868841524334,168433.7926980776,3.582981090048218
real_gemini_long/real-malformed_json-005,gemini,4,1.0,malformed_json,0.6310347590505615,0.30365421965029704,0.6616214829043907,0.4161964028481793,0.31164651816152067,0.8693075014121215,0.49261530686866245,0.28968254354053224,0.9770095689016572,0.0736074157659996,0.9684013845639743,0.14825058870112795,331295.4916677687,7.670480087717621
real_gemini_long/real-malformed_json-008,gemini,2,1.0,malformed_json,0.2429621200511546,0.5636810450460755,0.6261577996728006,0.47638051281728494,0.30772166637315945,0.836561457226845,0.44411749624021224,0.20118899580407312,0.9896749791798145,0.54526193698992,0.9678980765124499,0.441098183721941,0.0,0.0
real_gemini_long/real-malformed_json-008,gemini,3,1.0,malformed_json,0.3949135190346684,0.6557180646469115,0.6261577996728006,0.4738915209910376,0.30772166637315945,0.7450729943654152,0.3340206647171536,0.2802257682607272,0.9936139010896907,0.5814574826245539,0.9612028221161211,0.5329047982478864,249187.5093264052,4.002743592413228
real_gemini_long/real-malformed_json-008,gemini,4,1.0,malformed_json,0.6310347590505615,0.36503012287314884,0.6616214829043907,0.5156918817583142,0.30772166637315945,0.8629882348373955,0.2161176180974265,0.20525081640684453,0.9770095689016572,0.1651914691878608,0.9818014410181113,0.2546311289520968,555148.9398554299,7.004654748438009
real_gemini_long/real-malformed_json-009,gemini,2,1.0,malformed_json,0.2429621200511546,0.5132197333405554,0.5710622230977062,0.4274747413194462,0.3587575766728196,0.8629882348373955,0.42403300596819876,0.16259060423969104,0.9811453245457641,0.4073012207938185,0.9430241680167353,0.250285652532706,0.0,0.0
real_gemini_long/real-malformed_json-009,gemini,3,1.0,malformed_json,0.3949135190346684,0.6274470029892374,0.5710622230977062,0.5081208564937556,0.42464405786558995,0.9792859752877986,0.32610011079300355,0.34560616121650783,0.9882997792031614,0.451362680121622,0.9590654454836006,0.49064947934443487,211746.49907305054,4.704769661615263
real_gemini_long/real-malformed_json-009,gemini,4,1.0,malformed_json,0.6310347590505615,0.30365421965029704,0.608484456397425,0.4274747413194462,0.42464405786558995,0.8140197761830071,0.2611298156867202,0.28008163491507193,0.9584560416526461,0.08963355349763212,0.9709402369172196,0.1957952700493846,536655.2217024678,9.628959478194737
real_gemini_long/real-malformed_json-010,gemini,2,1.0,malformed_json,0.2429621200511546,0.5132197333405554,0.6358109611929054,0.5039385070542721,0.42464405786558995,0.8272430045542802,0.33181402888205624,0.30364685367975564,0.9919031704200697,0.5668875493156715,0.9397071168199872,0.4719131827136039,0.0,0.0
real_gemini_long/real-malformed_json-010,gemini,3,1.0,malformed_json,0.3949135190346684,0.6274470029892374,0.6402949811898903,0.5260615046882156,0.31164651816152067,0.7450729943654152,0.8851769577495547,0.4024620585670866,0.995427428047491,0.6498529613504875,0.9839681155425212,0.6777227533660917,192938.44198583002,4.132434033448561
real_gemini_long/real-malformed_json-010,gemini,4,1.0,malformed_json,0.6310347590505615,0.30365421965029704,0.6616214829043907,0.48792929772236376,0.3696381944458663,0.8140197761830071,0.2997490513346688,0.3971165272843519,0.9770095689016572,0.14625508261868095,0.9605391683739554,0.3732644894280803,413824.84284874715,7.345332828651671
real_gemini_long/real-malformed_json-011,gemini,2,1.0,malformed_json,0.2429621200511546,0.6461808588058874,0.6358109611929054,0.472488384922355,0.3587575766728196,0.8560089626963392,0.4870799029344662,0.15540601429706882,0.9911428018053583,0.502325129475561,0.9439965283172261,0.20486634627677616,0.0,0.0
real_gemini_long/real-malformed_json-011,gemini,3,1.0,malformed_json,0.0587300602279624,0.7957568353622675,0.6427816140526684,0.6134431285860394,0.3561998251608096,0.9253389395450886,0.29609787980799446,0.26827466215950413,0.9897491978314308,0.7449931130647125,0.9102021034137407,0.49787262395788556,160394.75251105745,13.86001548906295
real_gemini_long/real-malformed_json-012,gemini,2,1.0,malformed_json,0.2429621200511546,0.5132197333405554,0.6358109611929054,0.4283496256898455,0.30772166637315945,0.8272430045542802,0.09920731155486655,0.5534596842889337,0.9919031704200697,0.3917236614208785,0.9348685180354898,0.720663754529181,0.0,0.0
real_gemini_long/real-malformed_json-012,gemini,3,1.0,malformed_json,0.3949135190346684,0.6274470029892374,0.6357165022428645,0.4671539622317816,0.3576376542229033,0.6647035560423243,0.09427450127525555,0.7102367728277251,0.9951983359979628,0.45637534631836846,0.9286211147267839,0.7154939771408622,247629.75936502876,5.020091590279537
real_gemini_long/real-malformed_json-012,gemini,4,1.0,malformed_json,0.6310347590505615,0.30365421965029704,0.6616214829043907,0.5124897925657421,0.44453840583853627,0.6095327936044422,0.1801870795073186,0.4479913043032374,0.9770095689016572,0.1397894224325459,0.9144068977564005,0.34736378917966226,531759.4546784468,11.643106971593674
real_gemini_long/real-malformed_json-013,gemini,2,1.0,malformed_json,0.2429621200511546,0.5636810450460755,0.6357165022428645,0.49848653401262616,0.31164651816152067,0.8357757238820666,0.18109003198781864,0.37882826968527195,0.9914990162033582,0.49931977992879073,0.9217269012370907,0.46943383464377725,0.0,0.0
real_gemini_long/real-malformed_json-013,gemini,3,1.0,malformed_json,0.3949135190346684,0.6557180646469115,0.6357165022428645,0.6070535384958885,0.30772166637315945,0.8140197761830071,0.13462598176919963,0.14436010451416342,0.9951983359979628,0.6388149113300076,0.8980430971861428,0.3260284336031264,170356.12013770273,3.290666175586578
real_gemini_long/real-malformed_json-013,gemini,4,1.0,malformed_json,0.6310347590505615,0.36503012287314884,0.6616214829043907,0.6570854924113981,0.30772166637315945,0.8717272088191708,0.1818792201868365,0.3049634224971666,0.9770095689016572,0.190543826692362,0.9217477876797348,0.2988419945021287,431904.72490714147,7.55454581841245
real_gemini_long/real-context_corruption-000,gemini,2,1.0,context_corruption,0.2429621200511546,0.6461808588058874,0.6357165022428645,0.5636939607955073,0.42464405786558995,0.8560089626963392,0.2244697773882154,0.17214620478833745,0.9914990162033582,0.6108072518920096,0.9418692118438434,0.3440077835066429,0.0,0.0
real_gemini_long/real-context_corruption-000,gemini,3,1.0,context_corruption,0.022582413442783878,0.5353474705949465,0.6261577996728006,0.4234666412585325,0.42464405786558995,0.7803255017586768,0.3169682046667389,0.8367546430942532,0.9760794931750997,0.500403832602019,0.9447420173031613,0.774971342516956,243082.20371205307,2.384422757097236
real_gemini_long/real-context_corruption-000,gemini,4,1.0,context_corruption,0.029251540178900377,0.25839087313391806,0.6616214829043907,0.6073719019574365,0.42464405786558995,0.8357757238820666,0.43380082944837656,0.8459277817105403,0.9733909227232371,0.5454245707469462,0.9647362312113256,0.6918123026235748,441281.93423700694,5.720261194696903
real_gemini_long/real-context_corruption-001,gemini,2,1.0,context_corruption,0.2429621200511546,0.5636810450460755,0.6358109611929054,0.5100214543740555,0.3587575766728196,0.8629882348373955,0.8088534566690909,0.7694938722248847,0.9919031704200697,0.4938791665427694,0.9577029984634383,0.652491013367078,0.0,0.0
real_gemini_long/real-context_corruption-001,gemini,3,1.0,context_corruption,0.022582413442783878,0.6557180646469115,0.6358109611929054,0.5272857975113618,0.3587575766728196,0.7450729943654152,0.6325196951378211,0.5714237401052515,0.9811858824127001,0.5523281913763981,0.9435199617533022,0.6283274368292858,203918.4336046428,4.946494806381627
real_gemini_long/real-context_corruption-001,gemini,4,1.0,context_corruption,0.029251540178900377,0.6106692256657857,0.6616214829043907,0.5540704302238907,0.3587575766728196,0.8629882348373955,0.758106957746638,0.6223728689694936,0.9733909227232371,0.4693396638068935,0.9709693527614403,0.4458103273836529,565784.2975126957,12.946848102081173
real_gemini_long/real-context_corruption-002,gemini,2,1.0,context_corruption,0.2429621200511546,0.5636810450460755,0.6261577996728006,0.4389817810570739,0.30772166637315945,0.836561457226845,0.2525314999736229,0.3506493512978517,0.9887077445773932,0.5098138887789792,0.9330300691742688,0.49702548401069324,0.0,0.0
real_gemini_long/real-context_corruption-002,gemini,3,1.0,context_corruption,0.022582413442783878,0.6557180646469115,0.6261577996728006,0.31980591009604264,0.3696381944458663,0.8140197761830071,0.17320424277122606,0.23638118773967734,0.9738722746528266,0.599165212534131,0.9156107496046928,0.45083395363562706,192897.05663505133,3.7711878497945257
real_gemini_long/real-context_corruption-002,gemini,4,1.0,context_corruption,0.029251540178900377,0.6106692256657857,0.6243733948297282,0.7803275460898242,0.10824119923341652,0.40425244791990944,0.23255513270599432,0.4000809196363779,0.9619052447991491,0.5326247574108565,0.8784623322089554,0.3026299052484931,473139.3763049567,9.041980016890971
real_gemini_long/real-context_corruption-005,gemini,2,1.0,context_corruption,0.2429621200511546,0.5132197333405554,0.6402949811898903,0.6280721952572161,0.42464405786558995,0.8629882348373955,0.5021737151364718,0.5939757735578537,0.9919031704200697,0.5355511523847417,0.9488025156187788,0.40989756882126943,0.0,0.0
real_gemini_long/real-context_corruption-005,gemini,3,1.0,context_corruption,0.0587300602279624,0.774963077534493,0.7040372394043071,0.3839360464264321,0.421925648046265,0.9253389395450886,0.8321075241890943,0.21147890695777144,0.9884809990432338,0.37270358447661095,0.924716639459939,0.2696746347981077,207453.90304722622,23.039353822816853
real_gemini_long/real-context_corruption-008,gemini,2,1.0,context_corruption,0.2429621200511546,0.5636810450460755,0.6746470270500705,0.37565953441105543,0.30772166637315945,0.8629882348373955,0.12486253088052779,0.5501401369588751,0.9887077445773932,0.34437733245853536,0.9055713665877608,0.6054856042193085,0.0,0.0
real_gemini_long/real-context_corruption-008,gemini,3,1.0,context_corruption,0.022582413442783878,0.6557180646469115,0.6746470270500705,0.3229850968953804,0.31164651816152067,0.7450729943654152,0.10186390270940612,0.40917366867625876,0.9760794931750997,0.4237551103845313,0.9051666054333654,0.36709939895842625,267808.21900358406,3.320084463616346
real_gemini_long/real-context_corruption-008,gemini,4,1.0,context_corruption,0.029251540178900377,0.6106692256657857,0.7076584618049234,0.37489728078272905,0.30772166637315945,0.7803255017586768,0.14631369450331252,0.36504597852492815,0.9733909227232371,0.36322237845561844,0.8941192018456159,0.3242547814984757,536262.6369765766,6.756294151374292
real_gemini_long/real-context_corruption-009,gemini,2,1.0,context_corruption,0.2429621200511546,0.5132197333405554,0.6746470270500705,0.5979996362492594,0.42464405786558995,0.8272430045542802,0.2623937449603678,0.3301686249339743,0.9896749791798145,0.4655859362096997,0.9609816981602233,0.40637465912538295,0.0,0.0
real_gemini_long/real-context_corruption-009,gemini,3,1.0,context_corruption,0.022582413442783878,0.6299321916491218,0.6746470270500705,0.3834057799766022,0.3587575766728196,0.7450729943654152,0.07550120111532001,0.28605783438318966,0.9760794931750997,0.3855538183022173,0.9454109360680079,0.29369761718582227,124011.83341161435,4.302590593702046
real_gemini_long/real-context_corruption-009,gemini,4,1.0,context_corruption,0.029251540178900377,0.5810952754422575,0.7076584618049234,0.4029692297335839,0.42464405786558995,0.7803255017586768,0.13997561727923996,0.190964473256778,0.9733909227232371,0.3713871720289348,0.9566384399749617,0.24023176913657174,389247.3960100006,9.014471875207981
real_gemini_long/real-context_corruption-010,gemini,2,1.0,context_corruption,0.2429621200511546,0.5132197333405554,0.5811864771706737,0.36297690692465373,0.42464405786558995,0.8140197761830071,0.062160001028075354,0.6121575273606061,0.9851867060754533,0.32440559588275475,0.9143917039948721,0.5173690562814264,0.0,0.0
real_gemini_long/real-context_corruption-010,gemini,3,1.0,context_corruption,0.022582413442783878,0.6299321916491218,0.6878646135142067,0.34235116782400754,0.42464405786558995,0.7450729943654152,0.1588290346300026,0.39646397100759856,0.9811858824127001,0.4622993319536122,0.9395295577770548,0.3284229822086135,209291.14806473604,3.9911368099560125
real_gemini_long/real-context_corruption-010,gemini,4,1.0,context_corruption,0.029251540178900377,0.5810952754422575,0.7076584618049234,0.48084737710726255,0.42464405786558995,0.8272430045542802,0.10386208294986686,0.6340702617810758,0.9709430067534517,0.34312396402798817,0.9154930770756463,0.35341926000965357,455477.72648347536,6.971310325056251
real_gemini_long/real-context_corruption-011,gemini,2,1.0,context_corruption,0.2429621200511546,0.6461808588058874,0.6358109611929054,0.6233194600160932,0.3587575766728196,0.8560089626963392,0.30492720302516435,0.1712472116946385,0.9919031704200697,0.7361063983706392,0.9521308782388657,0.3530255917150506,0.0,0.0
real_gemini_long/real-context_corruption-011,gemini,3,1.0,context_corruption,0.022582413442783878,0.5353474705949465,0.6402949811898903,0.5581057550011113,0.0800177357606233,0.6344332338280366,0.33446640610515643,0.24058961210797064,0.9811858824127001,0.5402629981784266,0.9153064506196285,0.33656752346081087,222830.22056118833,4.799323236587584
real_gemini_long/real-context_corruption-011,gemini,4,1.0,context_corruption,0.06308842801220896,0.24993778335732567,0.7040372394043071,0.4058775698669839,0.06885957957618298,0.7013052741814562,0.36516563010112313,0.31911199740108137,0.9871660633244796,0.39036530425147015,0.8502684163979184,0.3413032152182527,522230.4124906028,23.353836764901743
real_gemini_long/real-context_corruption-012,gemini,2,1.0,context_corruption,0.2429621200511546,0.5132197333405554,0.6836806362183065,0.5386222159717151,0.31164651816152067,0.8357757238820666,0.10267262734524188,0.813998291985088,0.9919031704200697,0.4764327762254401,0.9361846781317529,0.8328254809986783,0.0,0.0
real_gemini_long/real-context_corruption-012,gemini,3,1.0,context_corruption,0.022582413442783878,0.6299321916491218,0.6402949811898903,0.6280721952572161,0.30772166637315945,0.7450729943654152,0.0851987492179062,0.5143809169511039,0.9811858824127001,0.6804011858706098,0.9283500608297618,0.6749864787581336,272776.79835269443,5.471382050315129
real_gemini_long/real-context_corruption-012,gemini,4,1.0,context_corruption,0.029251540178900377,0.5810952754422575,0.6616214829043907,0.603339211610541,0.3696381944458663,0.8140197761830071,0.18314326881554777,0.46423731954839814,0.9733909227232371,0.4864382877688314,0.9150988765886933,0.44751127864007106,576804.2332951152,11.39120905679415
real_gemini_long/real-context_corruption-013,gemini,2,1.0,context_corruption,0.2429621200511546,0.5636810450460755,0.6835924144473453,0.40316106173982236,0.3587575766728196,0.8629882348373955,0.03211900542747452,0.46247414925349967,0.9914990162033582,0.4176377729320662,0.8943391885570934,0.37660834811039057,0.0,0.0
real_gemini_long/real-context_corruption-013,gemini,3,1.0,context_corruption,0.022582413442783878,0.6557180646469115,0.6835924144473453,0.46507355888104207,0.3587575766728196,0.8140197761830071,0.02966048065107969,0.4084676237328627,0.9802574210809243,0.5337873927929873,0.9061410082314652,0.4508581172482511,168131.47040585792,3.610896045036558
real_gemini_long/real-context_corruption-013,gemini,4,1.0,context_corruption,0.029251540178900377,0.6557180646469115,0.7076584618049234,0.48538791385740376,0.42464405786558995,0.8140197761830071,0.06633426213739373,0.31182522129596923,0.9709430067534517,0.5422818281235432,0.8153151115476015,0.2952355778586473,407582.8669748525,10.082329589648722
